-15,17,hIIcUY70O6c9qUHscmtTVyu6/cY=,n5Bw6TdrnSS0723d5OzsgVf/G+E=
-16,17,hIIcUY70O6c9qUHscmtTVyu6/cY=,n5Bw6TdrnSS0723d5OzsgVf/G+E=
-15,16,hIIcUY70O6c9qUHscmtTVyu6/cY=,n5Bw6TdrnSS0723d5OzsgVf/G+E=
-16,16,hIIcUY70O6c9qUHscmtTVyu6/cY=,n5Bw6TdrnSS0723d5OzsgVf/G+E=
-10,17,hIIcUY70O6c9qUHscmtTVyu6/cY=,MEHp3y3pDsg4LUqTtHMbz2IlBUQ=
-10,16,hIIcUY70O6c9qUHscmtTVyu6/cY=,MEHp3y3pDsg4LUqTtHMbz2IlBUQ=
-10,18,hIIcUY70O6c9qUHscmtTVyu6/cY=,djFtWrKjJnManuj38oIV69wo3oY=
-10,20,aYAa1UrzlJIJm7QgwOLA25GDRLs=,gCgobKKqE+JihlHX215UpVunbYE=
-10,19,aYAa1UrzlJIJm7QgwOLA25GDRLs=,djFtWrKjJnManuj38oIV69wo3oY=
-9,16,aYAa1UrzlJIJm7QgwOLA25GDRLs=,MEHp3y3pDsg4LUqTtHMbz2IlBUQ=
-7,16,aYAa1UrzlJIJm7QgwOLA25GDRLs=,5xb3QOhN/Xc8BG4mLz95LgXi5Tk=
-8,16,aYAa1UrzlJIJm7QgwOLA25GDRLs=,5xb3QOhN/Xc8BG4mLz95LgXi5Tk=
-9,18,aYAa1UrzlJIJm7QgwOLA25GDRLs=,djFtWrKjJnManuj38oIV69wo3oY=
-9,19,aYAa1UrzlJIJm7QgwOLA25GDRLs=,djFtWrKjJnManuj38oIV69wo3oY=
-9,17,aYAa1UrzlJIJm7QgwOLA25GDRLs=,MEHp3y3pDsg4LUqTtHMbz2IlBUQ=
-7,18,aYAa1UrzlJIJm7QgwOLA25GDRLs=,I9kG3UzRbYkebEKM4LefiPEmoaQ=
-9,20,aYAa1UrzlJIJm7QgwOLA25GDRLs=,gCgobKKqE+JihlHX215UpVunbYE=
-8,18,aYAa1UrzlJIJm7QgwOLA25GDRLs=,I9kG3UzRbYkebEKM4LefiPEmoaQ=
-7,20,aYAa1UrzlJIJm7QgwOLA25GDRLs=,L7YfRNY12n+c7+RtlGin1A0sFA0=
-7,17,aYAa1UrzlJIJm7QgwOLA25GDRLs=,5xb3QOhN/Xc8BG4mLz95LgXi5Tk=
-8,20,aYAa1UrzlJIJm7QgwOLA25GDRLs=,L7YfRNY12n+c7+RtlGin1A0sFA0=
-8,17,aYAa1UrzlJIJm7QgwOLA25GDRLs=,5xb3QOhN/Xc8BG4mLz95LgXi5Tk=
-7,19,aYAa1UrzlJIJm7QgwOLA25GDRLs=,I9kG3UzRbYkebEKM4LefiPEmoaQ=
-8,19,aYAa1UrzlJIJm7QgwOLA25GDRLs=,I9kG3UzRbYkebEKM4LefiPEmoaQ=
-4,22,L4l+G6CkAUSfb3OFZl7AxAWCi8A=,KvIINZ5dAb2LPn8rMW+L/pj4R5Y=
-2,20,L4l+G6CkAUSfb3OFZl7AxAWCi8A=,pHokPa0Wagt47Xm5KPRmfjxPzeg=
-1,20,L4l+G6CkAUSfb3OFZl7AxAWCi8A=,pHokPa0Wagt47Xm5KPRmfjxPzeg=
-1,19,L4l+G6CkAUSfb3OFZl7AxAWCi8A=,N4g3POaZv1OnrX5D5G9A0UsFRbM=
-2,19,L4l+G6CkAUSfb3OFZl7AxAWCi8A=,N4g3POaZv1OnrX5D5G9A0UsFRbM=
-1,16,L4l+G6CkAUSfb3OFZl7AxAWCi8A=,N4g3POaZv1OnrX5D5G9A0UsFRbM=
-2,16,L4l+G6CkAUSfb3OFZl7AxAWCi8A=,N4g3POaZv1OnrX5D5G9A0UsFRbM=
-4,23,L4l+G6CkAUSfb3OFZl7AxAWCi8A=,KvIINZ5dAb2LPn8rMW+L/pj4R5Y=
-4,24,L4l+G6CkAUSfb3OFZl7AxAWCi8A=,2p0Vfn0EZJ2j5vhDEud7U1yGVl4=
-1,18,L4l+G6CkAUSfb3OFZl7AxAWCi8A=,N4g3POaZv1OnrX5D5G9A0UsFRbM=
-1,17,L4l+G6CkAUSfb3OFZl7AxAWCi8A=,N4g3POaZv1OnrX5D5G9A0UsFRbM=
-2,17,L4l+G6CkAUSfb3OFZl7AxAWCi8A=,N4g3POaZv1OnrX5D5G9A0UsFRbM=
-2,18,L4l+G6CkAUSfb3OFZl7AxAWCi8A=,N4g3POaZv1OnrX5D5G9A0UsFRbM=
-3,22,L4l+G6CkAUSfb3OFZl7AxAWCi8A=,KvIINZ5dAb2LPn8rMW+L/pj4R5Y=
-1,29,L4l+G6CkAUSfb3OFZl7AxAWCi8A=,8NZzdlUTSKSdzWn832QVOYRwhtw=
-2,21,L4l+G6CkAUSfb3OFZl7AxAWCi8A=,pHokPa0Wagt47Xm5KPRmfjxPzeg=
-1,22,L4l+G6CkAUSfb3OFZl7AxAWCi8A=,FzUrq4rUY5nZc+62FDfU+8/qCF8=
-2,22,L4l+G6CkAUSfb3OFZl7AxAWCi8A=,FzUrq4rUY5nZc+62FDfU+8/qCF8=
-1,21,L4l+G6CkAUSfb3OFZl7AxAWCi8A=,pHokPa0Wagt47Xm5KPRmfjxPzeg=
-2,23,L4l+G6CkAUSfb3OFZl7AxAWCi8A=,FzUrq4rUY5nZc+62FDfU+8/qCF8=
-2,24,L4l+G6CkAUSfb3OFZl7AxAWCi8A=,m4lMZSNM6MSaq3GiQrf3gkU+/1g=
-1,23,L4l+G6CkAUSfb3OFZl7AxAWCi8A=,FzUrq4rUY5nZc+62FDfU+8/qCF8=
-1,24,L4l+G6CkAUSfb3OFZl7AxAWCi8A=,m4lMZSNM6MSaq3GiQrf3gkU+/1g=
-3,24,L4l+G6CkAUSfb3OFZl7AxAWCi8A=,2p0Vfn0EZJ2j5vhDEud7U1yGVl4=
-3,23,L4l+G6CkAUSfb3OFZl7AxAWCi8A=,KvIINZ5dAb2LPn8rMW+L/pj4R5Y=
-1,25,L4l+G6CkAUSfb3OFZl7AxAWCi8A=,m4lMZSNM6MSaq3GiQrf3gkU+/1g=
-1,26,L4l+G6CkAUSfb3OFZl7AxAWCi8A=,yK5eXQxJWWLCCeANns5XMalpyCI=
-1,27,L4l+G6CkAUSfb3OFZl7AxAWCi8A=,yK5eXQxJWWLCCeANns5XMalpyCI=
-1,28,L4l+G6CkAUSfb3OFZl7AxAWCi8A=,8NZzdlUTSKSdzWn832QVOYRwhtw=
-3,26,EwS+s521nIvts7XDCBJtoww0bDY=,H+pFP5Ick64rrYT05Ca/WOatgKw=
-2,25,EwS+s521nIvts7XDCBJtoww0bDY=,m4lMZSNM6MSaq3GiQrf3gkU+/1g=
-3,25,EwS+s521nIvts7XDCBJtoww0bDY=,2p0Vfn0EZJ2j5vhDEud7U1yGVl4=
-5,31,EwS+s521nIvts7XDCBJtoww0bDY=,c+r+GNcZWq8mXsZRkhwuOrvVQ30=
-2,26,EwS+s521nIvts7XDCBJtoww0bDY=,yK5eXQxJWWLCCeANns5XMalpyCI=
-10,31,EwS+s521nIvts7XDCBJtoww0bDY=,z6NH8o29osY53qyfWcZ54duuA/8=
-2,27,EwS+s521nIvts7XDCBJtoww0bDY=,yK5eXQxJWWLCCeANns5XMalpyCI=
-2,29,EwS+s521nIvts7XDCBJtoww0bDY=,8NZzdlUTSKSdzWn832QVOYRwhtw=
-2,28,EwS+s521nIvts7XDCBJtoww0bDY=,8NZzdlUTSKSdzWn832QVOYRwhtw=
-3,29,EwS+s521nIvts7XDCBJtoww0bDY=,WL7ALTwekKvfxOPnSWxzuvhn5Wc=
-3,28,EwS+s521nIvts7XDCBJtoww0bDY=,WL7ALTwekKvfxOPnSWxzuvhn5Wc=
-3,27,EwS+s521nIvts7XDCBJtoww0bDY=,H+pFP5Ick64rrYT05Ca/WOatgKw=
-10,29,EwS+s521nIvts7XDCBJtoww0bDY=,DRRxjRnSoyrpiRNA8JiFfJJRF2o=
-10,30,EwS+s521nIvts7XDCBJtoww0bDY=,z6NH8o29osY53qyfWcZ54duuA/8=
-7,31,EwS+s521nIvts7XDCBJtoww0bDY=,kEFW8D9QimgmSZeiUTfvpLXWq+k=
-6,31,EwS+s521nIvts7XDCBJtoww0bDY=,c+r+GNcZWq8mXsZRkhwuOrvVQ30=
-9,31,EwS+s521nIvts7XDCBJtoww0bDY=,z6NH8o29osY53qyfWcZ54duuA/8=
-8,31,EwS+s521nIvts7XDCBJtoww0bDY=,kEFW8D9QimgmSZeiUTfvpLXWq+k=
-5,30,EwS+s521nIvts7XDCBJtoww0bDY=,c+r+GNcZWq8mXsZRkhwuOrvVQ30=
-5,29,EwS+s521nIvts7XDCBJtoww0bDY=,/iE+42cAXkAFSadRQNDekVxebrI=
-4,29,EwS+s521nIvts7XDCBJtoww0bDY=,WL7ALTwekKvfxOPnSWxzuvhn5Wc=
-4,27,EwS+s521nIvts7XDCBJtoww0bDY=,H+pFP5Ick64rrYT05Ca/WOatgKw=
-5,28,EwS+s521nIvts7XDCBJtoww0bDY=,/iE+42cAXkAFSadRQNDekVxebrI=
-5,27,2UEz1/55O6V0uu6WbRFEo0a9aYs=,Nax18gza0Iyh24NBinaWnCQD78s=
-4,28,2UEz1/55O6V0uu6WbRFEo0a9aYs=,WL7ALTwekKvfxOPnSWxzuvhn5Wc=
-5,26,2UEz1/55O6V0uu6WbRFEo0a9aYs=,Nax18gza0Iyh24NBinaWnCQD78s=
-4,26,2UEz1/55O6V0uu6WbRFEo0a9aYs=,H+pFP5Ick64rrYT05Ca/WOatgKw=
-4,25,2UEz1/55O6V0uu6WbRFEo0a9aYs=,2p0Vfn0EZJ2j5vhDEud7U1yGVl4=
-10,28,2UEz1/55O6V0uu6WbRFEo0a9aYs=,DRRxjRnSoyrpiRNA8JiFfJJRF2o=
-10,27,2UEz1/55O6V0uu6WbRFEo0a9aYs=,FUK/W0AY4ReOv+GlANjGAXVKAwo=
-9,29,2UEz1/55O6V0uu6WbRFEo0a9aYs=,DRRxjRnSoyrpiRNA8JiFfJJRF2o=
-10,26,2UEz1/55O6V0uu6WbRFEo0a9aYs=,FUK/W0AY4ReOv+GlANjGAXVKAwo=
-6,29,2UEz1/55O6V0uu6WbRFEo0a9aYs=,/iE+42cAXkAFSadRQNDekVxebrI=
-10,25,2UEz1/55O6V0uu6WbRFEo0a9aYs=,P+096i2H7X9g1xOVewZxTAxmiRs=
-7,29,2UEz1/55O6V0uu6WbRFEo0a9aYs=,iGYJ8hpByuTjzwZ0AZPzle5Tafs=
-8,29,2UEz1/55O6V0uu6WbRFEo0a9aYs=,iGYJ8hpByuTjzwZ0AZPzle5Tafs=
-7,30,2UEz1/55O6V0uu6WbRFEo0a9aYs=,kEFW8D9QimgmSZeiUTfvpLXWq+k=
-9,30,2UEz1/55O6V0uu6WbRFEo0a9aYs=,z6NH8o29osY53qyfWcZ54duuA/8=
-6,30,2UEz1/55O6V0uu6WbRFEo0a9aYs=,c+r+GNcZWq8mXsZRkhwuOrvVQ30=
-8,30,2UEz1/55O6V0uu6WbRFEo0a9aYs=,kEFW8D9QimgmSZeiUTfvpLXWq+k=
-10,22,2UEz1/55O6V0uu6WbRFEo0a9aYs=,UnCOmgaoIqkPqg99h3wI9BIxbVI=
-10,21,2UEz1/55O6V0uu6WbRFEo0a9aYs=,gCgobKKqE+JihlHX215UpVunbYE=
-10,23,2UEz1/55O6V0uu6WbRFEo0a9aYs=,UnCOmgaoIqkPqg99h3wI9BIxbVI=
-10,24,2UEz1/55O6V0uu6WbRFEo0a9aYs=,P+096i2H7X9g1xOVewZxTAxmiRs=
-9,28,2UEz1/55O6V0uu6WbRFEo0a9aYs=,DRRxjRnSoyrpiRNA8JiFfJJRF2o=
-7,27,2UEz1/55O6V0uu6WbRFEo0a9aYs=,2PayqJgW+dwlx4JPsqS4uGfIGHQ=
-6,28,2UEz1/55O6V0uu6WbRFEo0a9aYs=,/iE+42cAXkAFSadRQNDekVxebrI=
-9,27,2UEz1/55O6V0uu6WbRFEo0a9aYs=,FUK/W0AY4ReOv+GlANjGAXVKAwo=
-7,28,2UEz1/55O6V0uu6WbRFEo0a9aYs=,iGYJ8hpByuTjzwZ0AZPzle5Tafs=
-8,27,2UEz1/55O6V0uu6WbRFEo0a9aYs=,2PayqJgW+dwlx4JPsqS4uGfIGHQ=
-6,27,2UEz1/55O6V0uu6WbRFEo0a9aYs=,Nax18gza0Iyh24NBinaWnCQD78s=
-8,28,2UEz1/55O6V0uu6WbRFEo0a9aYs=,iGYJ8hpByuTjzwZ0AZPzle5Tafs=
-7,21,2UEz1/55O6V0uu6WbRFEo0a9aYs=,L7YfRNY12n+c7+RtlGin1A0sFA0=
-7,26,2UEz1/55O6V0uu6WbRFEo0a9aYs=,2PayqJgW+dwlx4JPsqS4uGfIGHQ=
-9,24,2UEz1/55O6V0uu6WbRFEo0a9aYs=,P+096i2H7X9g1xOVewZxTAxmiRs=
-8,26,2UEz1/55O6V0uu6WbRFEo0a9aYs=,2PayqJgW+dwlx4JPsqS4uGfIGHQ=
-9,23,2UEz1/55O6V0uu6WbRFEo0a9aYs=,UnCOmgaoIqkPqg99h3wI9BIxbVI=
-9,26,2UEz1/55O6V0uu6WbRFEo0a9aYs=,FUK/W0AY4ReOv+GlANjGAXVKAwo=
-9,21,2UEz1/55O6V0uu6WbRFEo0a9aYs=,gCgobKKqE+JihlHX215UpVunbYE=
-7,25,2UEz1/55O6V0uu6WbRFEo0a9aYs=,ZrxBrA0x0qbQHxWcfbW+2vKJuVU=
-8,21,2UEz1/55O6V0uu6WbRFEo0a9aYs=,L7YfRNY12n+c7+RtlGin1A0sFA0=
-8,25,2UEz1/55O6V0uu6WbRFEo0a9aYs=,ZrxBrA0x0qbQHxWcfbW+2vKJuVU=
-7,23,2UEz1/55O6V0uu6WbRFEo0a9aYs=,Uyt+lxNc2PtdBDXB4q36E7XvH0M=
-9,25,2UEz1/55O6V0uu6WbRFEo0a9aYs=,P+096i2H7X9g1xOVewZxTAxmiRs=
-6,26,2UEz1/55O6V0uu6WbRFEo0a9aYs=,Nax18gza0Iyh24NBinaWnCQD78s=
-8,23,2UEz1/55O6V0uu6WbRFEo0a9aYs=,Uyt+lxNc2PtdBDXB4q36E7XvH0M=
-7,24,2UEz1/55O6V0uu6WbRFEo0a9aYs=,ZrxBrA0x0qbQHxWcfbW+2vKJuVU=
-7,22,2UEz1/55O6V0uu6WbRFEo0a9aYs=,Uyt+lxNc2PtdBDXB4q36E7XvH0M=
-9,22,2UEz1/55O6V0uu6WbRFEo0a9aYs=,UnCOmgaoIqkPqg99h3wI9BIxbVI=
-8,22,2UEz1/55O6V0uu6WbRFEo0a9aYs=,Uyt+lxNc2PtdBDXB4q36E7XvH0M=
-8,24,2UEz1/55O6V0uu6WbRFEo0a9aYs=,ZrxBrA0x0qbQHxWcfbW+2vKJuVU=
-18,12,3knZxod4A+NjoJBj3Ip3Yov893o=,qScXEfIetKA3u1sJRg2JNVHLfEY=
-17,12,3knZxod4A+NjoJBj3Ip3Yov893o=,qScXEfIetKA3u1sJRg2JNVHLfEY=
-20,14,3knZxod4A+NjoJBj3Ip3Yov893o=,TruO66sBVfKKhN045sjMLiayI/w=
-20,15,3knZxod4A+NjoJBj3Ip3Yov893o=,TruO66sBVfKKhN045sjMLiayI/w=
-19,14,3knZxod4A+NjoJBj3Ip3Yov893o=,TruO66sBVfKKhN045sjMLiayI/w=
-19,15,3knZxod4A+NjoJBj3Ip3Yov893o=,TruO66sBVfKKhN045sjMLiayI/w=
-18,14,3knZxod4A+NjoJBj3Ip3Yov893o=,ZyxPuXVWc9nXgFcTBNRgGNMaBC8=
-17,14,3knZxod4A+NjoJBj3Ip3Yov893o=,ZyxPuXVWc9nXgFcTBNRgGNMaBC8=
-18,15,3knZxod4A+NjoJBj3Ip3Yov893o=,ZyxPuXVWc9nXgFcTBNRgGNMaBC8=
-17,15,3knZxod4A+NjoJBj3Ip3Yov893o=,ZyxPuXVWc9nXgFcTBNRgGNMaBC8=
-18,13,3knZxod4A+NjoJBj3Ip3Yov893o=,qScXEfIetKA3u1sJRg2JNVHLfEY=
-17,13,3knZxod4A+NjoJBj3Ip3Yov893o=,qScXEfIetKA3u1sJRg2JNVHLfEY=
-17,0,1e7aX+NGIZAOSW6WyGQPJknWFhg=,Jgum6Ma2c9kFlFmh1wErUk6q5AI=
-19,0,1e7aX+NGIZAOSW6WyGQPJknWFhg=,sEJTpGgRdXaLvPv3D6sO6MYU+s4=
-18,0,1e7aX+NGIZAOSW6WyGQPJknWFhg=,Jgum6Ma2c9kFlFmh1wErUk6q5AI=
-17,2,1e7aX+NGIZAOSW6WyGQPJknWFhg=,DyxFC/UHIIsqfoOwAzJ288TP+Ck=
-17,1,1e7aX+NGIZAOSW6WyGQPJknWFhg=,Jgum6Ma2c9kFlFmh1wErUk6q5AI=
-17,4,1e7aX+NGIZAOSW6WyGQPJknWFhg=,DyxFC/UHIIsqfoOwAzJ288TP+Ck=
-17,3,1e7aX+NGIZAOSW6WyGQPJknWFhg=,DyxFC/UHIIsqfoOwAzJ288TP+Ck=
-19,1,1e7aX+NGIZAOSW6WyGQPJknWFhg=,sEJTpGgRdXaLvPv3D6sO6MYU+s4=
-17,5,1e7aX+NGIZAOSW6WyGQPJknWFhg=,DyxFC/UHIIsqfoOwAzJ288TP+Ck=
-19,3,1e7aX+NGIZAOSW6WyGQPJknWFhg=,sEJTpGgRdXaLvPv3D6sO6MYU+s4=
-17,6,1e7aX+NGIZAOSW6WyGQPJknWFhg=,+igBvAxOTVUU6EXBvqCc6E2hvQA=
-19,2,1e7aX+NGIZAOSW6WyGQPJknWFhg=,sEJTpGgRdXaLvPv3D6sO6MYU+s4=
-18,4,1e7aX+NGIZAOSW6WyGQPJknWFhg=,DyxFC/UHIIsqfoOwAzJ288TP+Ck=
-19,4,1e7aX+NGIZAOSW6WyGQPJknWFhg=,tHTZpbbv8PaDk0jYUdkJj/uSQhc=
-18,2,1e7aX+NGIZAOSW6WyGQPJknWFhg=,DyxFC/UHIIsqfoOwAzJ288TP+Ck=
-17,7,1e7aX+NGIZAOSW6WyGQPJknWFhg=,+igBvAxOTVUU6EXBvqCc6E2hvQA=
-18,3,wjutMGh+hDiDXtCa5mudA7XWKVI=,DyxFC/UHIIsqfoOwAzJ288TP+Ck=
-17,8,wjutMGh+hDiDXtCa5mudA7XWKVI=,nM3Y4AoDfC2Hzbgf5sP7nKi+lzo=
-19,9,wjutMGh+hDiDXtCa5mudA7XWKVI=,HchD6H2DfxO9JkBUnM9EDUJ/280=
-18,9,wjutMGh+hDiDXtCa5mudA7XWKVI=,nM3Y4AoDfC2Hzbgf5sP7nKi+lzo=
-17,9,wjutMGh+hDiDXtCa5mudA7XWKVI=,nM3Y4AoDfC2Hzbgf5sP7nKi+lzo=
-19,6,wjutMGh+hDiDXtCa5mudA7XWKVI=,OBxM1CkRaJrLl/EIQCSevlgUadQ=
-18,1,wjutMGh+hDiDXtCa5mudA7XWKVI=,Jgum6Ma2c9kFlFmh1wErUk6q5AI=
-19,8,wjutMGh+hDiDXtCa5mudA7XWKVI=,HchD6H2DfxO9JkBUnM9EDUJ/280=
-19,7,wjutMGh+hDiDXtCa5mudA7XWKVI=,OBxM1CkRaJrLl/EIQCSevlgUadQ=
-19,5,wjutMGh+hDiDXtCa5mudA7XWKVI=,tHTZpbbv8PaDk0jYUdkJj/uSQhc=
-18,5,wjutMGh+hDiDXtCa5mudA7XWKVI=,DyxFC/UHIIsqfoOwAzJ288TP+Ck=
-18,6,wjutMGh+hDiDXtCa5mudA7XWKVI=,+igBvAxOTVUU6EXBvqCc6E2hvQA=
-18,7,wjutMGh+hDiDXtCa5mudA7XWKVI=,+igBvAxOTVUU6EXBvqCc6E2hvQA=
-18,8,wjutMGh+hDiDXtCa5mudA7XWKVI=,nM3Y4AoDfC2Hzbgf5sP7nKi+lzo=
-20,6,wjutMGh+hDiDXtCa5mudA7XWKVI=,OBxM1CkRaJrLl/EIQCSevlgUadQ=
-20,5,wjutMGh+hDiDXtCa5mudA7XWKVI=,tHTZpbbv8PaDk0jYUdkJj/uSQhc=
-21,6,wjutMGh+hDiDXtCa5mudA7XWKVI=,L7YfRNY12n+c7+RtlGin1A0sFA0=
-20,9,wjutMGh+hDiDXtCa5mudA7XWKVI=,HchD6H2DfxO9JkBUnM9EDUJ/280=
-20,8,wjutMGh+hDiDXtCa5mudA7XWKVI=,HchD6H2DfxO9JkBUnM9EDUJ/280=
-21,7,wjutMGh+hDiDXtCa5mudA7XWKVI=,L7YfRNY12n+c7+RtlGin1A0sFA0=
-20,7,wjutMGh+hDiDXtCa5mudA7XWKVI=,OBxM1CkRaJrLl/EIQCSevlgUadQ=
-21,9,wjutMGh+hDiDXtCa5mudA7XWKVI=,0K5dyj0Q0IDQp1jThH7Cr2/QoKQ=
-21,8,wjutMGh+hDiDXtCa5mudA7XWKVI=,0K5dyj0Q0IDQp1jThH7Cr2/QoKQ=
-23,11,wjutMGh+hDiDXtCa5mudA7XWKVI=,yboM4d9rFe6/oygZtS2B4bve2A8=
-23,10,wjutMGh+hDiDXtCa5mudA7XWKVI=,yboM4d9rFe6/oygZtS2B4bve2A8=
-23,9,wjutMGh+hDiDXtCa5mudA7XWKVI=,q0ubvvw7qOcmzVq67GzDziDxJ9A=
-22,7,wjutMGh+hDiDXtCa5mudA7XWKVI=,L7YfRNY12n+c7+RtlGin1A0sFA0=
-23,8,tUntQRehXyxGZLOXhCUvWOuZyBA=,q0ubvvw7qOcmzVq67GzDziDxJ9A=
-22,9,tUntQRehXyxGZLOXhCUvWOuZyBA=,0K5dyj0Q0IDQp1jThH7Cr2/QoKQ=
-23,7,tUntQRehXyxGZLOXhCUvWOuZyBA=,OmFmVcX//uacHa/eJeXADzJkHMQ=
-22,8,tUntQRehXyxGZLOXhCUvWOuZyBA=,0K5dyj0Q0IDQp1jThH7Cr2/QoKQ=
-23,6,tUntQRehXyxGZLOXhCUvWOuZyBA=,OmFmVcX//uacHa/eJeXADzJkHMQ=
-25,7,tUntQRehXyxGZLOXhCUvWOuZyBA=,ZyxPuXVWc9nXgFcTBNRgGNMaBC8=
-24,8,tUntQRehXyxGZLOXhCUvWOuZyBA=,q0ubvvw7qOcmzVq67GzDziDxJ9A=
-23,5,tUntQRehXyxGZLOXhCUvWOuZyBA=,L7YfRNY12n+c7+RtlGin1A0sFA0=
-22,6,tUntQRehXyxGZLOXhCUvWOuZyBA=,L7YfRNY12n+c7+RtlGin1A0sFA0=
-25,6,tUntQRehXyxGZLOXhCUvWOuZyBA=,ZyxPuXVWc9nXgFcTBNRgGNMaBC8=
-25,8,tUntQRehXyxGZLOXhCUvWOuZyBA=,lN7nqsY6HtuYXs0ncigLWagn7kI=
-24,5,tUntQRehXyxGZLOXhCUvWOuZyBA=,L7YfRNY12n+c7+RtlGin1A0sFA0=
-25,5,tUntQRehXyxGZLOXhCUvWOuZyBA=,WhUyK662X4vG1iGZCnjP/IvDyTo=
-24,6,tUntQRehXyxGZLOXhCUvWOuZyBA=,OmFmVcX//uacHa/eJeXADzJkHMQ=
-24,7,tUntQRehXyxGZLOXhCUvWOuZyBA=,OmFmVcX//uacHa/eJeXADzJkHMQ=
-32,9,tUntQRehXyxGZLOXhCUvWOuZyBA=,b66jv/GLVH4eRw+66Q///+EcUXk=
-27,8,7QexNKeaqqaxsae5JM7jHgC2BN0=,qmLzHU3ohe0Zl9NjsA36WAmU5+g=
-26,7,7QexNKeaqqaxsae5JM7jHgC2BN0=,ZyxPuXVWc9nXgFcTBNRgGNMaBC8=
-27,7,7QexNKeaqqaxsae5JM7jHgC2BN0=,YE8a4/Zw2xr/O5bwGqmjfBGzMGs=
-26,8,7QexNKeaqqaxsae5JM7jHgC2BN0=,lN7nqsY6HtuYXs0ncigLWagn7kI=
-30,9,7QexNKeaqqaxsae5JM7jHgC2BN0=,9i3cvJA5BqF2CqYKYMwvBikqJM4=
-31,9,7QexNKeaqqaxsae5JM7jHgC2BN0=,b66jv/GLVH4eRw+66Q///+EcUXk=
-28,10,7QexNKeaqqaxsae5JM7jHgC2BN0=,tBVfH6vjUSYNAqm74qD/cGYUkp8=
-29,9,7QexNKeaqqaxsae5JM7jHgC2BN0=,9i3cvJA5BqF2CqYKYMwvBikqJM4=
-28,9,7QexNKeaqqaxsae5JM7jHgC2BN0=,qmLzHU3ohe0Zl9NjsA36WAmU5+g=
-28,7,7QexNKeaqqaxsae5JM7jHgC2BN0=,YE8a4/Zw2xr/O5bwGqmjfBGzMGs=
-29,7,7QexNKeaqqaxsae5JM7jHgC2BN0=,fi5FAZF0rgzt+jNorf4S/78RknU=
-29,8,7QexNKeaqqaxsae5JM7jHgC2BN0=,9i3cvJA5BqF2CqYKYMwvBikqJM4=
-30,7,7QexNKeaqqaxsae5JM7jHgC2BN0=,fi5FAZF0rgzt+jNorf4S/78RknU=
-31,8,7QexNKeaqqaxsae5JM7jHgC2BN0=,b66jv/GLVH4eRw+66Q///+EcUXk=
-28,8,7QexNKeaqqaxsae5JM7jHgC2BN0=,qmLzHU3ohe0Zl9NjsA36WAmU5+g=
-30,8,7QexNKeaqqaxsae5JM7jHgC2BN0=,9i3cvJA5BqF2CqYKYMwvBikqJM4=
-32,8,7QexNKeaqqaxsae5JM7jHgC2BN0=,b66jv/GLVH4eRw+66Q///+EcUXk=
-31,7,7QexNKeaqqaxsae5JM7jHgC2BN0=,44o77yxDEgBj+zPK90Q7Uj4FnkM=
-32,7,7QexNKeaqqaxsae5JM7jHgC2BN0=,44o77yxDEgBj+zPK90Q7Uj4FnkM=
-32,6,7QexNKeaqqaxsae5JM7jHgC2BN0=,44o77yxDEgBj+zPK90Q7Uj4FnkM=
-32,5,7QexNKeaqqaxsae5JM7jHgC2BN0=,eYD+nhpTYmhITJrUgsZJ1Ng2/VY=
-30,6,EuPpnxq+7JkwZQXvR1iFIVXgKww=,fi5FAZF0rgzt+jNorf4S/78RknU=
-31,6,EuPpnxq+7JkwZQXvR1iFIVXgKww=,44o77yxDEgBj+zPK90Q7Uj4FnkM=
-31,5,EuPpnxq+7JkwZQXvR1iFIVXgKww=,eYD+nhpTYmhITJrUgsZJ1Ng2/VY=
-32,4,EuPpnxq+7JkwZQXvR1iFIVXgKww=,eYD+nhpTYmhITJrUgsZJ1Ng2/VY=
-30,5,EuPpnxq+7JkwZQXvR1iFIVXgKww=,8rQyNP1tTN8PnZ/cED96JyBBhJg=
-32,3,EuPpnxq+7JkwZQXvR1iFIVXgKww=,t/4XUzMQsvwZBImHOJDhvcURDsk=
-31,4,EuPpnxq+7JkwZQXvR1iFIVXgKww=,eYD+nhpTYmhITJrUgsZJ1Ng2/VY=
-30,4,EuPpnxq+7JkwZQXvR1iFIVXgKww=,8rQyNP1tTN8PnZ/cED96JyBBhJg=
-30,3,EuPpnxq+7JkwZQXvR1iFIVXgKww=,qUPjhjrsWh2taaVWMB9gUJmE8RY=
-31,3,EuPpnxq+7JkwZQXvR1iFIVXgKww=,t/4XUzMQsvwZBImHOJDhvcURDsk=
-32,0,EuPpnxq+7JkwZQXvR1iFIVXgKww=,yfOeuL8Cvdfe/K1w1aU4aHm1S/M=
-32,1,EuPpnxq+7JkwZQXvR1iFIVXgKww=,yfOeuL8Cvdfe/K1w1aU4aHm1S/M=
-32,2,EuPpnxq+7JkwZQXvR1iFIVXgKww=,t/4XUzMQsvwZBImHOJDhvcURDsk=
-28,0,r+rLcaUeOvTU2KBg/QMUUxwnfXg=,1N1XJ8lybqYgk04zGmLRLr1+Gsw=
-29,0,r+rLcaUeOvTU2KBg/QMUUxwnfXg=,PJZ7W1NaGsmJrMG1CfUSKSelmmA=
-27,0,r+rLcaUeOvTU2KBg/QMUUxwnfXg=,1N1XJ8lybqYgk04zGmLRLr1+Gsw=
-31,2,r+rLcaUeOvTU2KBg/QMUUxwnfXg=,t/4XUzMQsvwZBImHOJDhvcURDsk=
-26,0,r+rLcaUeOvTU2KBg/QMUUxwnfXg=,xzKOq64AGCczpA+ExN7SflSJNIs=
-30,0,r+rLcaUeOvTU2KBg/QMUUxwnfXg=,PJZ7W1NaGsmJrMG1CfUSKSelmmA=
-30,2,r+rLcaUeOvTU2KBg/QMUUxwnfXg=,qUPjhjrsWh2taaVWMB9gUJmE8RY=
-31,1,r+rLcaUeOvTU2KBg/QMUUxwnfXg=,yfOeuL8Cvdfe/K1w1aU4aHm1S/M=
-31,0,r+rLcaUeOvTU2KBg/QMUUxwnfXg=,yfOeuL8Cvdfe/K1w1aU4aHm1S/M=
-30,1,r+rLcaUeOvTU2KBg/QMUUxwnfXg=,PJZ7W1NaGsmJrMG1CfUSKSelmmA=
-24,0,r+rLcaUeOvTU2KBg/QMUUxwnfXg=,uIXgQ2Rvxn2CR6bWO5dvfDpkUI8=
-25,0,r+rLcaUeOvTU2KBg/QMUUxwnfXg=,xzKOq64AGCczpA+ExN7SflSJNIs=
-20,1,Zc6F9J9bGGvyu0elbigvwXzlMrI=,sEJTpGgRdXaLvPv3D6sO6MYU+s4=
-23,0,Zc6F9J9bGGvyu0elbigvwXzlMrI=,uIXgQ2Rvxn2CR6bWO5dvfDpkUI8=
-20,3,Zc6F9J9bGGvyu0elbigvwXzlMrI=,sEJTpGgRdXaLvPv3D6sO6MYU+s4=
-21,1,Zc6F9J9bGGvyu0elbigvwXzlMrI=,h2bBkAoUVE3zKGGJbsteo4V+NDY=
-20,0,Zc6F9J9bGGvyu0elbigvwXzlMrI=,sEJTpGgRdXaLvPv3D6sO6MYU+s4=
-22,0,Zc6F9J9bGGvyu0elbigvwXzlMrI=,h2bBkAoUVE3zKGGJbsteo4V+NDY=
-20,2,Zc6F9J9bGGvyu0elbigvwXzlMrI=,sEJTpGgRdXaLvPv3D6sO6MYU+s4=
-21,0,Zc6F9J9bGGvyu0elbigvwXzlMrI=,h2bBkAoUVE3zKGGJbsteo4V+NDY=
-21,3,Zc6F9J9bGGvyu0elbigvwXzlMrI=,yW/gakgBDQ06egl91QeuQu67wQ4=
-21,2,Zc6F9J9bGGvyu0elbigvwXzlMrI=,yW/gakgBDQ06egl91QeuQu67wQ4=
-20,4,Zc6F9J9bGGvyu0elbigvwXzlMrI=,tHTZpbbv8PaDk0jYUdkJj/uSQhc=
-23,4,Zc6F9J9bGGvyu0elbigvwXzlMrI=,L7YfRNY12n+c7+RtlGin1A0sFA0=
-23,1,Zc6F9J9bGGvyu0elbigvwXzlMrI=,uIXgQ2Rvxn2CR6bWO5dvfDpkUI8=
-23,3,Zc6F9J9bGGvyu0elbigvwXzlMrI=,H87E7LG7QQCALdOjYThnVrk/s5c=
-23,2,Zc6F9J9bGGvyu0elbigvwXzlMrI=,H87E7LG7QQCALdOjYThnVrk/s5c=
-22,1,Zc6F9J9bGGvyu0elbigvwXzlMrI=,h2bBkAoUVE3zKGGJbsteo4V+NDY=
-22,3,Zc6F9J9bGGvyu0elbigvwXzlMrI=,yW/gakgBDQ06egl91QeuQu67wQ4=
-25,3,Zc6F9J9bGGvyu0elbigvwXzlMrI=,4vDinhBYhdbI/l2udpnEra6IZrk=
-22,2,Zc6F9J9bGGvyu0elbigvwXzlMrI=,yW/gakgBDQ06egl91QeuQu67wQ4=
-25,2,Zc6F9J9bGGvyu0elbigvwXzlMrI=,4vDinhBYhdbI/l2udpnEra6IZrk=
-24,4,Zc6F9J9bGGvyu0elbigvwXzlMrI=,L7YfRNY12n+c7+RtlGin1A0sFA0=
-24,3,Zc6F9J9bGGvyu0elbigvwXzlMrI=,H87E7LG7QQCALdOjYThnVrk/s5c=
-25,4,Zc6F9J9bGGvyu0elbigvwXzlMrI=,WhUyK662X4vG1iGZCnjP/IvDyTo=
-24,1,Zc6F9J9bGGvyu0elbigvwXzlMrI=,uIXgQ2Rvxn2CR6bWO5dvfDpkUI8=
-24,2,Zc6F9J9bGGvyu0elbigvwXzlMrI=,H87E7LG7QQCALdOjYThnVrk/s5c=
-25,1,Zc6F9J9bGGvyu0elbigvwXzlMrI=,xzKOq64AGCczpA+ExN7SflSJNIs=
-28,15,Zc6F9J9bGGvyu0elbigvwXzlMrI=,1vhh0JxzZltnKqkZwNUiD8YEcGs=
-27,5,Zc6F9J9bGGvyu0elbigvwXzlMrI=,bsMASFmzZ4C8p04zmB9cbZxBUt0=
-26,3,Zc6F9J9bGGvyu0elbigvwXzlMrI=,4vDinhBYhdbI/l2udpnEra6IZrk=
-28,5,Zc6F9J9bGGvyu0elbigvwXzlMrI=,bsMASFmzZ4C8p04zmB9cbZxBUt0=
-26,5,Zc6F9J9bGGvyu0elbigvwXzlMrI=,WhUyK662X4vG1iGZCnjP/IvDyTo=
-26,6,8EYcikbfE/LCorEp3FvHIMlK0Pg=,ZyxPuXVWc9nXgFcTBNRgGNMaBC8=
-26,2,8EYcikbfE/LCorEp3FvHIMlK0Pg=,4vDinhBYhdbI/l2udpnEra6IZrk=
-27,6,8EYcikbfE/LCorEp3FvHIMlK0Pg=,YE8a4/Zw2xr/O5bwGqmjfBGzMGs=
-28,11,8EYcikbfE/LCorEp3FvHIMlK0Pg=,tBVfH6vjUSYNAqm74qD/cGYUkp8=
-28,13,8EYcikbfE/LCorEp3FvHIMlK0Pg=,1vhh0JxzZltnKqkZwNUiD8YEcGs=
-27,2,8EYcikbfE/LCorEp3FvHIMlK0Pg=,NtCohKleKSzlZulSOlIjt8kM2BI=
-28,14,8EYcikbfE/LCorEp3FvHIMlK0Pg=,1vhh0JxzZltnKqkZwNUiD8YEcGs=
-28,6,8EYcikbfE/LCorEp3FvHIMlK0Pg=,YE8a4/Zw2xr/O5bwGqmjfBGzMGs=
-28,12,8EYcikbfE/LCorEp3FvHIMlK0Pg=,1vhh0JxzZltnKqkZwNUiD8YEcGs=
-27,15,8EYcikbfE/LCorEp3FvHIMlK0Pg=,1vhh0JxzZltnKqkZwNUiD8YEcGs=
-28,2,8EYcikbfE/LCorEp3FvHIMlK0Pg=,NtCohKleKSzlZulSOlIjt8kM2BI=
-25,15,8EYcikbfE/LCorEp3FvHIMlK0Pg=,1vhh0JxzZltnKqkZwNUiD8YEcGs=
-29,5,8EYcikbfE/LCorEp3FvHIMlK0Pg=,8rQyNP1tTN8PnZ/cED96JyBBhJg=
-29,3,8EYcikbfE/LCorEp3FvHIMlK0Pg=,qUPjhjrsWh2taaVWMB9gUJmE8RY=
-26,15,8EYcikbfE/LCorEp3FvHIMlK0Pg=,1vhh0JxzZltnKqkZwNUiD8YEcGs=
-29,6,8EYcikbfE/LCorEp3FvHIMlK0Pg=,fi5FAZF0rgzt+jNorf4S/78RknU=
-27,3,8EYcikbfE/LCorEp3FvHIMlK0Pg=,NtCohKleKSzlZulSOlIjt8kM2BI=
-27,4,8EYcikbfE/LCorEp3FvHIMlK0Pg=,bsMASFmzZ4C8p04zmB9cbZxBUt0=
-28,4,8EYcikbfE/LCorEp3FvHIMlK0Pg=,bsMASFmzZ4C8p04zmB9cbZxBUt0=
-26,4,8EYcikbfE/LCorEp3FvHIMlK0Pg=,WhUyK662X4vG1iGZCnjP/IvDyTo=
-29,2,8EYcikbfE/LCorEp3FvHIMlK0Pg=,qUPjhjrsWh2taaVWMB9gUJmE8RY=
-27,1,8EYcikbfE/LCorEp3FvHIMlK0Pg=,1N1XJ8lybqYgk04zGmLRLr1+Gsw=
-28,1,8EYcikbfE/LCorEp3FvHIMlK0Pg=,1N1XJ8lybqYgk04zGmLRLr1+Gsw=
-27,13,8EYcikbfE/LCorEp3FvHIMlK0Pg=,1vhh0JxzZltnKqkZwNUiD8YEcGs=
-28,3,8EYcikbfE/LCorEp3FvHIMlK0Pg=,NtCohKleKSzlZulSOlIjt8kM2BI=
-26,1,8EYcikbfE/LCorEp3FvHIMlK0Pg=,xzKOq64AGCczpA+ExN7SflSJNIs=
-27,14,8EYcikbfE/LCorEp3FvHIMlK0Pg=,1vhh0JxzZltnKqkZwNUiD8YEcGs=
-29,4,8EYcikbfE/LCorEp3FvHIMlK0Pg=,8rQyNP1tTN8PnZ/cED96JyBBhJg=
-29,1,8EYcikbfE/LCorEp3FvHIMlK0Pg=,PJZ7W1NaGsmJrMG1CfUSKSelmmA=
-26,13,8EYcikbfE/LCorEp3FvHIMlK0Pg=,eseIikxUHG/HKmBP9Na6uJ4naME=
-25,14,8EYcikbfE/LCorEp3FvHIMlK0Pg=,1vhh0JxzZltnKqkZwNUiD8YEcGs=
-26,9,8EYcikbfE/LCorEp3FvHIMlK0Pg=,lN7nqsY6HtuYXs0ncigLWagn7kI=
-26,14,8EYcikbfE/LCorEp3FvHIMlK0Pg=,1vhh0JxzZltnKqkZwNUiD8YEcGs=
-24,11,8EYcikbfE/LCorEp3FvHIMlK0Pg=,yboM4d9rFe6/oygZtS2B4bve2A8=
-25,13,8EYcikbfE/LCorEp3FvHIMlK0Pg=,eseIikxUHG/HKmBP9Na6uJ4naME=
-25,11,8EYcikbfE/LCorEp3FvHIMlK0Pg=,bA9ZLqzfhhxhzZS3y0cAAZIGDKU=
-26,11,8EYcikbfE/LCorEp3FvHIMlK0Pg=,bA9ZLqzfhhxhzZS3y0cAAZIGDKU=
-27,10,8EYcikbfE/LCorEp3FvHIMlK0Pg=,tBVfH6vjUSYNAqm74qD/cGYUkp8=
-25,12,8EYcikbfE/LCorEp3FvHIMlK0Pg=,eseIikxUHG/HKmBP9Na6uJ4naME=
-24,10,8EYcikbfE/LCorEp3FvHIMlK0Pg=,yboM4d9rFe6/oygZtS2B4bve2A8=
-25,10,8EYcikbfE/LCorEp3FvHIMlK0Pg=,bA9ZLqzfhhxhzZS3y0cAAZIGDKU=
-26,12,8EYcikbfE/LCorEp3FvHIMlK0Pg=,eseIikxUHG/HKmBP9Na6uJ4naME=
-24,9,8EYcikbfE/LCorEp3FvHIMlK0Pg=,q0ubvvw7qOcmzVq67GzDziDxJ9A=
-27,12,8EYcikbfE/LCorEp3FvHIMlK0Pg=,1vhh0JxzZltnKqkZwNUiD8YEcGs=
-26,10,8EYcikbfE/LCorEp3FvHIMlK0Pg=,bA9ZLqzfhhxhzZS3y0cAAZIGDKU=
-27,11,8EYcikbfE/LCorEp3FvHIMlK0Pg=,tBVfH6vjUSYNAqm74qD/cGYUkp8=
-27,9,8EYcikbfE/LCorEp3FvHIMlK0Pg=,qmLzHU3ohe0Zl9NjsA36WAmU5+g=
-25,9,8EYcikbfE/LCorEp3FvHIMlK0Pg=,lN7nqsY6HtuYXs0ncigLWagn7kI=
-30,31,PsXdDXRnFZ7ZnLu2jJ2NCD2+dvk=,6QtQPFA2+o+gYs9i6aH9pExpKmQ=
-30,30,PsXdDXRnFZ7ZnLu2jJ2NCD2+dvk=,6QtQPFA2+o+gYs9i6aH9pExpKmQ=
-25,29,PsXdDXRnFZ7ZnLu2jJ2NCD2+dvk=,z2VlngdA3+tSCTkf4lvlSzNDgpM=
-25,30,PsXdDXRnFZ7ZnLu2jJ2NCD2+dvk=,mXXekKAs08phnHYhl4zaRfHe1S0=
-25,31,t/g8hsxy+4ePZfGK6gFeVXG22i0=,mXXekKAs08phnHYhl4zaRfHe1S0=
-27,31,t/g8hsxy+4ePZfGK6gFeVXG22i0=,6QtQPFA2+o+gYs9i6aH9pExpKmQ=
-29,31,t/g8hsxy+4ePZfGK6gFeVXG22i0=,6QtQPFA2+o+gYs9i6aH9pExpKmQ=
-28,31,t/g8hsxy+4ePZfGK6gFeVXG22i0=,6QtQPFA2+o+gYs9i6aH9pExpKmQ=
-26,31,t/g8hsxy+4ePZfGK6gFeVXG22i0=,mXXekKAs08phnHYhl4zaRfHe1S0=
-26,29,t/g8hsxy+4ePZfGK6gFeVXG22i0=,z2VlngdA3+tSCTkf4lvlSzNDgpM=
-27,29,t/g8hsxy+4ePZfGK6gFeVXG22i0=,bhyPOy+0ioXMv15MNODZHoXGmH0=
-28,29,t/g8hsxy+4ePZfGK6gFeVXG22i0=,bhyPOy+0ioXMv15MNODZHoXGmH0=
-17,17,t/g8hsxy+4ePZfGK6gFeVXG22i0=,nQDdROj+PkeuuWttg5UbZqvYBNU=
-26,30,t/g8hsxy+4ePZfGK6gFeVXG22i0=,mXXekKAs08phnHYhl4zaRfHe1S0=
-17,16,t/g8hsxy+4ePZfGK6gFeVXG22i0=,nQDdROj+PkeuuWttg5UbZqvYBNU=
-29,30,t/g8hsxy+4ePZfGK6gFeVXG22i0=,6QtQPFA2+o+gYs9i6aH9pExpKmQ=
-27,30,t/g8hsxy+4ePZfGK6gFeVXG22i0=,6QtQPFA2+o+gYs9i6aH9pExpKmQ=
-28,30,t/g8hsxy+4ePZfGK6gFeVXG22i0=,6QtQPFA2+o+gYs9i6aH9pExpKmQ=
-19,19,t/g8hsxy+4ePZfGK6gFeVXG22i0=,j4sfLhIiNQQtpnfWCMU0wXEvV/Q=
-22,16,t/g8hsxy+4ePZfGK6gFeVXG22i0=,eseIikxUHG/HKmBP9Na6uJ4naME=
-21,23,t/g8hsxy+4ePZfGK6gFeVXG22i0=,1vhh0JxzZltnKqkZwNUiD8YEcGs=
-18,16,t/g8hsxy+4ePZfGK6gFeVXG22i0=,nQDdROj+PkeuuWttg5UbZqvYBNU=
-21,16,t/g8hsxy+4ePZfGK6gFeVXG22i0=,eseIikxUHG/HKmBP9Na6uJ4naME=
-21,21,t/g8hsxy+4ePZfGK6gFeVXG22i0=,/XR/QycaxwrzqorLlrwUwSniGhU=
-21,22,t/g8hsxy+4ePZfGK6gFeVXG22i0=,1vhh0JxzZltnKqkZwNUiD8YEcGs=
-19,16,t/g8hsxy+4ePZfGK6gFeVXG22i0=,sF/QSytlz/Q5Pi870xTxG32BoiE=
-20,16,t/g8hsxy+4ePZfGK6gFeVXG22i0=,sF/QSytlz/Q5Pi870xTxG32BoiE=
-19,18,Ks+e05P4TcFYF1e3yNnBg0moPlU=,j4sfLhIiNQQtpnfWCMU0wXEvV/Q=
-18,17,Ks+e05P4TcFYF1e3yNnBg0moPlU=,nQDdROj+PkeuuWttg5UbZqvYBNU=
-19,17,Ks+e05P4TcFYF1e3yNnBg0moPlU=,sF/QSytlz/Q5Pi870xTxG32BoiE=
-21,17,Ks+e05P4TcFYF1e3yNnBg0moPlU=,eseIikxUHG/HKmBP9Na6uJ4naME=
-22,17,Ks+e05P4TcFYF1e3yNnBg0moPlU=,eseIikxUHG/HKmBP9Na6uJ4naME=
-20,17,Ks+e05P4TcFYF1e3yNnBg0moPlU=,sF/QSytlz/Q5Pi870xTxG32BoiE=
-21,18,Ks+e05P4TcFYF1e3yNnBg0moPlU=,2y70oWBpl+mTFItaFqabTeZUH7c=
-23,25,Ks+e05P4TcFYF1e3yNnBg0moPlU=,JW1dqCqJJ5+X2wqnl+0ShjwB30s=
-23,18,Ks+e05P4TcFYF1e3yNnBg0moPlU=,1vhh0JxzZltnKqkZwNUiD8YEcGs=
-20,18,Ks+e05P4TcFYF1e3yNnBg0moPlU=,j4sfLhIiNQQtpnfWCMU0wXEvV/Q=
-21,20,Ks+e05P4TcFYF1e3yNnBg0moPlU=,/XR/QycaxwrzqorLlrwUwSniGhU=
-22,18,Ks+e05P4TcFYF1e3yNnBg0moPlU=,2y70oWBpl+mTFItaFqabTeZUH7c=
-21,19,Ks+e05P4TcFYF1e3yNnBg0moPlU=,2y70oWBpl+mTFItaFqabTeZUH7c=
-20,19,Ks+e05P4TcFYF1e3yNnBg0moPlU=,j4sfLhIiNQQtpnfWCMU0wXEvV/Q=
-23,20,Ks+e05P4TcFYF1e3yNnBg0moPlU=,RWr7ysonn65JQXanPpfyho7EtXs=
-23,19,Ks+e05P4TcFYF1e3yNnBg0moPlU=,1vhh0JxzZltnKqkZwNUiD8YEcGs=
-22,20,Ks+e05P4TcFYF1e3yNnBg0moPlU=,/XR/QycaxwrzqorLlrwUwSniGhU=
-22,19,Ks+e05P4TcFYF1e3yNnBg0moPlU=,2y70oWBpl+mTFItaFqabTeZUH7c=
-23,23,Ks+e05P4TcFYF1e3yNnBg0moPlU=,yCSckuwHKZhVmIdQd0LU+bJKdak=
-23,22,Ks+e05P4TcFYF1e3yNnBg0moPlU=,yCSckuwHKZhVmIdQd0LU+bJKdak=
-22,23,Ks+e05P4TcFYF1e3yNnBg0moPlU=,1vhh0JxzZltnKqkZwNUiD8YEcGs=
-22,21,Ks+e05P4TcFYF1e3yNnBg0moPlU=,/XR/QycaxwrzqorLlrwUwSniGhU=
-22,22,iIFf5c6EbdAyebK4+gRSRIDmWgE=,1vhh0JxzZltnKqkZwNUiD8YEcGs=
-23,21,iIFf5c6EbdAyebK4+gRSRIDmWgE=,RWr7ysonn65JQXanPpfyho7EtXs=
-23,24,iIFf5c6EbdAyebK4+gRSRIDmWgE=,JW1dqCqJJ5+X2wqnl+0ShjwB30s=
-25,22,iIFf5c6EbdAyebK4+gRSRIDmWgE=,DbT/RdvoHMIZIn5uDvxgi59fCTc=
-24,22,iIFf5c6EbdAyebK4+gRSRIDmWgE=,yCSckuwHKZhVmIdQd0LU+bJKdak=
-25,21,iIFf5c6EbdAyebK4+gRSRIDmWgE=,r4dHlVMScyq3MJuyX2MT1mlXE6Y=
-24,21,iIFf5c6EbdAyebK4+gRSRIDmWgE=,RWr7ysonn65JQXanPpfyho7EtXs=
-28,22,iIFf5c6EbdAyebK4+gRSRIDmWgE=,gA4chtcm9nWvkYzYin44uk9c7jg=
-27,21,iIFf5c6EbdAyebK4+gRSRIDmWgE=,rONtNk3ZTzidduhc4ww3R7ZsS0I=
-28,21,iIFf5c6EbdAyebK4+gRSRIDmWgE=,rONtNk3ZTzidduhc4ww3R7ZsS0I=
-28,20,iIFf5c6EbdAyebK4+gRSRIDmWgE=,rONtNk3ZTzidduhc4ww3R7ZsS0I=
-28,19,iIFf5c6EbdAyebK4+gRSRIDmWgE=,kJ6z6b7af197+XW2MbVZJ5XNx3I=
-26,22,iIFf5c6EbdAyebK4+gRSRIDmWgE=,DbT/RdvoHMIZIn5uDvxgi59fCTc=
-27,22,iIFf5c6EbdAyebK4+gRSRIDmWgE=,gA4chtcm9nWvkYzYin44uk9c7jg=
-26,21,iIFf5c6EbdAyebK4+gRSRIDmWgE=,r4dHlVMScyq3MJuyX2MT1mlXE6Y=
-28,16,iIFf5c6EbdAyebK4+gRSRIDmWgE=,1vhh0JxzZltnKqkZwNUiD8YEcGs=
-28,18,iIFf5c6EbdAyebK4+gRSRIDmWgE=,kJ6z6b7af197+XW2MbVZJ5XNx3I=
-28,17,iIFf5c6EbdAyebK4+gRSRIDmWgE=,1vhh0JxzZltnKqkZwNUiD8YEcGs=
-25,16,iIFf5c6EbdAyebK4+gRSRIDmWgE=,1vhh0JxzZltnKqkZwNUiD8YEcGs=
-26,16,iIFf5c6EbdAyebK4+gRSRIDmWgE=,1vhh0JxzZltnKqkZwNUiD8YEcGs=
-27,16,iIFf5c6EbdAyebK4+gRSRIDmWgE=,1vhh0JxzZltnKqkZwNUiD8YEcGs=
-25,27,iIFf5c6EbdAyebK4+gRSRIDmWgE=,yRe3hUGAZ4z2xPyZ4y5NFxuR92I=
-25,28,iIFf5c6EbdAyebK4+gRSRIDmWgE=,z2VlngdA3+tSCTkf4lvlSzNDgpM=
-26,19,fZOTYOZ83OSXu+7tLuJf9pMDFSw=,/XR/QycaxwrzqorLlrwUwSniGhU=
-25,17,fZOTYOZ83OSXu+7tLuJf9pMDFSw=,1vhh0JxzZltnKqkZwNUiD8YEcGs=
-24,20,fZOTYOZ83OSXu+7tLuJf9pMDFSw=,RWr7ysonn65JQXanPpfyho7EtXs=
-25,18,fZOTYOZ83OSXu+7tLuJf9pMDFSw=,/XR/QycaxwrzqorLlrwUwSniGhU=
-24,19,fZOTYOZ83OSXu+7tLuJf9pMDFSw=,1vhh0JxzZltnKqkZwNUiD8YEcGs=
-24,18,fZOTYOZ83OSXu+7tLuJf9pMDFSw=,1vhh0JxzZltnKqkZwNUiD8YEcGs=
-27,20,fZOTYOZ83OSXu+7tLuJf9pMDFSw=,rONtNk3ZTzidduhc4ww3R7ZsS0I=
-27,18,fZOTYOZ83OSXu+7tLuJf9pMDFSw=,kJ6z6b7af197+XW2MbVZJ5XNx3I=
-25,19,fZOTYOZ83OSXu+7tLuJf9pMDFSw=,/XR/QycaxwrzqorLlrwUwSniGhU=
-26,18,fZOTYOZ83OSXu+7tLuJf9pMDFSw=,/XR/QycaxwrzqorLlrwUwSniGhU=
-27,19,fZOTYOZ83OSXu+7tLuJf9pMDFSw=,kJ6z6b7af197+XW2MbVZJ5XNx3I=
-27,17,fZOTYOZ83OSXu+7tLuJf9pMDFSw=,1vhh0JxzZltnKqkZwNUiD8YEcGs=
-27,27,fZOTYOZ83OSXu+7tLuJf9pMDFSw=,spiHfLvCLzaz59lfPNA/E62KiDg=
-26,28,fZOTYOZ83OSXu+7tLuJf9pMDFSw=,z2VlngdA3+tSCTkf4lvlSzNDgpM=
-28,26,fZOTYOZ83OSXu+7tLuJf9pMDFSw=,spiHfLvCLzaz59lfPNA/E62KiDg=
-26,27,fZOTYOZ83OSXu+7tLuJf9pMDFSw=,yRe3hUGAZ4z2xPyZ4y5NFxuR92I=
-28,24,fZOTYOZ83OSXu+7tLuJf9pMDFSw=,VmG/6nfqvvwzAvmdT0CIvvhsreY=
-26,17,fZOTYOZ83OSXu+7tLuJf9pMDFSw=,1vhh0JxzZltnKqkZwNUiD8YEcGs=
-25,20,fZOTYOZ83OSXu+7tLuJf9pMDFSw=,r4dHlVMScyq3MJuyX2MT1mlXE6Y=
-28,25,fZOTYOZ83OSXu+7tLuJf9pMDFSw=,VmG/6nfqvvwzAvmdT0CIvvhsreY=
-28,23,fZOTYOZ83OSXu+7tLuJf9pMDFSw=,gA4chtcm9nWvkYzYin44uk9c7jg=
-26,20,fZOTYOZ83OSXu+7tLuJf9pMDFSw=,r4dHlVMScyq3MJuyX2MT1mlXE6Y=
-27,28,fZOTYOZ83OSXu+7tLuJf9pMDFSw=,bhyPOy+0ioXMv15MNODZHoXGmH0=
-28,28,fZOTYOZ83OSXu+7tLuJf9pMDFSw=,bhyPOy+0ioXMv15MNODZHoXGmH0=
-25,24,fZOTYOZ83OSXu+7tLuJf9pMDFSw=,vNIf19i6m1RiAclXHguyh2vyOho=
-28,27,fZOTYOZ83OSXu+7tLuJf9pMDFSw=,spiHfLvCLzaz59lfPNA/E62KiDg=
-26,24,fZOTYOZ83OSXu+7tLuJf9pMDFSw=,vNIf19i6m1RiAclXHguyh2vyOho=
-27,23,fZOTYOZ83OSXu+7tLuJf9pMDFSw=,gA4chtcm9nWvkYzYin44uk9c7jg=
-24,23,fZOTYOZ83OSXu+7tLuJf9pMDFSw=,yCSckuwHKZhVmIdQd0LU+bJKdak=
-27,25,fZOTYOZ83OSXu+7tLuJf9pMDFSw=,VmG/6nfqvvwzAvmdT0CIvvhsreY=
-25,23,fZOTYOZ83OSXu+7tLuJf9pMDFSw=,DbT/RdvoHMIZIn5uDvxgi59fCTc=
-25,26,fZOTYOZ83OSXu+7tLuJf9pMDFSw=,yRe3hUGAZ4z2xPyZ4y5NFxuR92I=
-26,23,fZOTYOZ83OSXu+7tLuJf9pMDFSw=,DbT/RdvoHMIZIn5uDvxgi59fCTc=
-26,26,fZOTYOZ83OSXu+7tLuJf9pMDFSw=,yRe3hUGAZ4z2xPyZ4y5NFxuR92I=
-25,25,fZOTYOZ83OSXu+7tLuJf9pMDFSw=,vNIf19i6m1RiAclXHguyh2vyOho=
-27,24,fZOTYOZ83OSXu+7tLuJf9pMDFSw=,VmG/6nfqvvwzAvmdT0CIvvhsreY=
-27,26,fZOTYOZ83OSXu+7tLuJf9pMDFSw=,spiHfLvCLzaz59lfPNA/E62KiDg=
-26,25,fZOTYOZ83OSXu+7tLuJf9pMDFSw=,vNIf19i6m1RiAclXHguyh2vyOho=
-24,25,fZOTYOZ83OSXu+7tLuJf9pMDFSw=,JW1dqCqJJ5+X2wqnl+0ShjwB30s=
-24,24,fZOTYOZ83OSXu+7tLuJf9pMDFSw=,JW1dqCqJJ5+X2wqnl+0ShjwB30s=
-13,13,su4FFDT8/JctQTJUVTcOIeSab8Y=,OTFEi4mk/Sz+H4HnvxHiCI5ozq8=
-15,15,su4FFDT8/JctQTJUVTcOIeSab8Y=,ivId+IF18bcfybP3/qMguFy0Vnc=
-16,15,su4FFDT8/JctQTJUVTcOIeSab8Y=,ivId+IF18bcfybP3/qMguFy0Vnc=
-16,12,xJYMVF/ysLLDhIJMp3JCbbXIu+k=,24x3wj83QORMnzKmYRDk8USqUTg=
-16,14,xJYMVF/ysLLDhIJMp3JCbbXIu+k=,ivId+IF18bcfybP3/qMguFy0Vnc=
-15,14,xJYMVF/ysLLDhIJMp3JCbbXIu+k=,ivId+IF18bcfybP3/qMguFy0Vnc=
-13,11,xJYMVF/ysLLDhIJMp3JCbbXIu+k=,/sQ0qByWb6nWw8hJOwB1iVi7OBI=
-14,13,xJYMVF/ysLLDhIJMp3JCbbXIu+k=,OTFEi4mk/Sz+H4HnvxHiCI5ozq8=
-16,11,xJYMVF/ysLLDhIJMp3JCbbXIu+k=,MOVYoMfEnsiTa5PCXr2x+ot5dYk=
-14,11,xJYMVF/ysLLDhIJMp3JCbbXIu+k=,/sQ0qByWb6nWw8hJOwB1iVi7OBI=
-12,11,xJYMVF/ysLLDhIJMp3JCbbXIu+k=,DyxFC/UHIIsqfoOwAzJ288TP+Ck=
-15,11,xJYMVF/ysLLDhIJMp3JCbbXIu+k=,MOVYoMfEnsiTa5PCXr2x+ot5dYk=
-16,13,xJYMVF/ysLLDhIJMp3JCbbXIu+k=,24x3wj83QORMnzKmYRDk8USqUTg=
-10,15,xJYMVF/ysLLDhIJMp3JCbbXIu+k=,LdR3EVNzjDhSfnp1Lw7yovU2YQk=
-10,14,xJYMVF/ysLLDhIJMp3JCbbXIu+k=,LdR3EVNzjDhSfnp1Lw7yovU2YQk=
-10,13,xJYMVF/ysLLDhIJMp3JCbbXIu+k=,u5mUwJ9AOJjlUldCngTCK49aYqc=
-15,12,xJYMVF/ysLLDhIJMp3JCbbXIu+k=,24x3wj83QORMnzKmYRDk8USqUTg=
-15,13,xJYMVF/ysLLDhIJMp3JCbbXIu+k=,24x3wj83QORMnzKmYRDk8USqUTg=
-13,12,xJYMVF/ysLLDhIJMp3JCbbXIu+k=,OTFEi4mk/Sz+H4HnvxHiCI5ozq8=
-14,12,xJYMVF/ysLLDhIJMp3JCbbXIu+k=,OTFEi4mk/Sz+H4HnvxHiCI5ozq8=
-11,11,xJYMVF/ysLLDhIJMp3JCbbXIu+k=,DyxFC/UHIIsqfoOwAzJ288TP+Ck=
-10,11,xJYMVF/ysLLDhIJMp3JCbbXIu+k=,DyxFC/UHIIsqfoOwAzJ288TP+Ck=
-10,12,xJYMVF/ysLLDhIJMp3JCbbXIu+k=,u5mUwJ9AOJjlUldCngTCK49aYqc=
-7,15,a9E6UxqnZ9+yTeO/+LQbJIngo7c=,sEJTpGgRdXaLvPv3D6sO6MYU+s4=
-8,15,a9E6UxqnZ9+yTeO/+LQbJIngo7c=,sEJTpGgRdXaLvPv3D6sO6MYU+s4=
-9,15,a9E6UxqnZ9+yTeO/+LQbJIngo7c=,LdR3EVNzjDhSfnp1Lw7yovU2YQk=
-7,14,a9E6UxqnZ9+yTeO/+LQbJIngo7c=,sEJTpGgRdXaLvPv3D6sO6MYU+s4=
-6,11,a9E6UxqnZ9+yTeO/+LQbJIngo7c=,n+Bw27IWmLUpjj2oZ8CS799gMr8=
-9,11,a9E6UxqnZ9+yTeO/+LQbJIngo7c=,DyxFC/UHIIsqfoOwAzJ288TP+Ck=
-8,14,a9E6UxqnZ9+yTeO/+LQbJIngo7c=,sEJTpGgRdXaLvPv3D6sO6MYU+s4=
-9,14,a9E6UxqnZ9+yTeO/+LQbJIngo7c=,LdR3EVNzjDhSfnp1Lw7yovU2YQk=
-7,11,a9E6UxqnZ9+yTeO/+LQbJIngo7c=,tHTZpbbv8PaDk0jYUdkJj/uSQhc=
-7,13,a9E6UxqnZ9+yTeO/+LQbJIngo7c=,DyxFC/UHIIsqfoOwAzJ288TP+Ck=
-8,13,a9E6UxqnZ9+yTeO/+LQbJIngo7c=,DyxFC/UHIIsqfoOwAzJ288TP+Ck=
-9,13,a9E6UxqnZ9+yTeO/+LQbJIngo7c=,u5mUwJ9AOJjlUldCngTCK49aYqc=
-7,7,a9E6UxqnZ9+yTeO/+LQbJIngo7c=,hlwrOnkkcvAYOAi5BEsUaydE6Bc=
-6,7,a9E6UxqnZ9+yTeO/+LQbJIngo7c=,hYZlGNSI2DEKAbkF0vSh9bO1BU0=
-8,11,a9E6UxqnZ9+yTeO/+LQbJIngo7c=,tHTZpbbv8PaDk0jYUdkJj/uSQhc=
-6,8,a9E6UxqnZ9+yTeO/+LQbJIngo7c=,hzacXRUMylv68JW6cQzHrkn2e+Q=
-7,10,a9E6UxqnZ9+yTeO/+LQbJIngo7c=,tHTZpbbv8PaDk0jYUdkJj/uSQhc=
-7,12,a9E6UxqnZ9+yTeO/+LQbJIngo7c=,DyxFC/UHIIsqfoOwAzJ288TP+Ck=
-6,9,a9E6UxqnZ9+yTeO/+LQbJIngo7c=,hzacXRUMylv68JW6cQzHrkn2e+Q=
-6,10,a9E6UxqnZ9+yTeO/+LQbJIngo7c=,n+Bw27IWmLUpjj2oZ8CS799gMr8=
-8,12,a9E6UxqnZ9+yTeO/+LQbJIngo7c=,DyxFC/UHIIsqfoOwAzJ288TP+Ck=
-9,12,a9E6UxqnZ9+yTeO/+LQbJIngo7c=,u5mUwJ9AOJjlUldCngTCK49aYqc=
-8,7,aWqWt9rQdM3kPk/FrNhYvefrvcQ=,hlwrOnkkcvAYOAi5BEsUaydE6Bc=
-11,9,aWqWt9rQdM3kPk/FrNhYvefrvcQ=,DyxFC/UHIIsqfoOwAzJ288TP+Ck=
-9,9,aWqWt9rQdM3kPk/FrNhYvefrvcQ=,kAlB/I+AsRLx5F6BLS7ClrrAJ8E=
-11,10,aWqWt9rQdM3kPk/FrNhYvefrvcQ=,DyxFC/UHIIsqfoOwAzJ288TP+Ck=
-11,7,aWqWt9rQdM3kPk/FrNhYvefrvcQ=,aU3jot7hsuTMoWyF1uwbcUPccMI=
-9,10,aWqWt9rQdM3kPk/FrNhYvefrvcQ=,DyxFC/UHIIsqfoOwAzJ288TP+Ck=
-10,8,aWqWt9rQdM3kPk/FrNhYvefrvcQ=,kAlB/I+AsRLx5F6BLS7ClrrAJ8E=
-8,10,aWqWt9rQdM3kPk/FrNhYvefrvcQ=,tHTZpbbv8PaDk0jYUdkJj/uSQhc=
-11,8,aWqWt9rQdM3kPk/FrNhYvefrvcQ=,DyxFC/UHIIsqfoOwAzJ288TP+Ck=
-9,7,aWqWt9rQdM3kPk/FrNhYvefrvcQ=,0rQvwHKmL/IVXoGLvp2TynlQxc0=
-10,9,aWqWt9rQdM3kPk/FrNhYvefrvcQ=,kAlB/I+AsRLx5F6BLS7ClrrAJ8E=
-16,10,aWqWt9rQdM3kPk/FrNhYvefrvcQ=,MOVYoMfEnsiTa5PCXr2x+ot5dYk=
-10,7,aWqWt9rQdM3kPk/FrNhYvefrvcQ=,0rQvwHKmL/IVXoGLvp2TynlQxc0=
-16,9,aWqWt9rQdM3kPk/FrNhYvefrvcQ=,DyxFC/UHIIsqfoOwAzJ288TP+Ck=
-10,10,aWqWt9rQdM3kPk/FrNhYvefrvcQ=,DyxFC/UHIIsqfoOwAzJ288TP+Ck=
-9,8,aWqWt9rQdM3kPk/FrNhYvefrvcQ=,kAlB/I+AsRLx5F6BLS7ClrrAJ8E=
-13,9,aWqWt9rQdM3kPk/FrNhYvefrvcQ=,sEJTpGgRdXaLvPv3D6sO6MYU+s4=
-13,10,aWqWt9rQdM3kPk/FrNhYvefrvcQ=,/sQ0qByWb6nWw8hJOwB1iVi7OBI=
-14,9,YepimZx61cphcI3dcuq2q5qVTxs=,sEJTpGgRdXaLvPv3D6sO6MYU+s4=
-12,9,YepimZx61cphcI3dcuq2q5qVTxs=,DyxFC/UHIIsqfoOwAzJ288TP+Ck=
-14,10,YepimZx61cphcI3dcuq2q5qVTxs=,/sQ0qByWb6nWw8hJOwB1iVi7OBI=
-15,9,YepimZx61cphcI3dcuq2q5qVTxs=,DyxFC/UHIIsqfoOwAzJ288TP+Ck=
-15,10,YepimZx61cphcI3dcuq2q5qVTxs=,MOVYoMfEnsiTa5PCXr2x+ot5dYk=
-12,10,YepimZx61cphcI3dcuq2q5qVTxs=,DyxFC/UHIIsqfoOwAzJ288TP+Ck=
-12,7,YepimZx61cphcI3dcuq2q5qVTxs=,aU3jot7hsuTMoWyF1uwbcUPccMI=
-16,7,YepimZx61cphcI3dcuq2q5qVTxs=,sEJTpGgRdXaLvPv3D6sO6MYU+s4=
-13,8,YepimZx61cphcI3dcuq2q5qVTxs=,sEJTpGgRdXaLvPv3D6sO6MYU+s4=
-14,8,YepimZx61cphcI3dcuq2q5qVTxs=,sEJTpGgRdXaLvPv3D6sO6MYU+s4=
-15,8,YepimZx61cphcI3dcuq2q5qVTxs=,DyxFC/UHIIsqfoOwAzJ288TP+Ck=
-12,8,YepimZx61cphcI3dcuq2q5qVTxs=,DyxFC/UHIIsqfoOwAzJ288TP+Ck=
-16,5,YepimZx61cphcI3dcuq2q5qVTxs=,eIpHo4mD0T8EiCcwFu1jxftsf1w=
-16,8,YepimZx61cphcI3dcuq2q5qVTxs=,DyxFC/UHIIsqfoOwAzJ288TP+Ck=
-13,7,YepimZx61cphcI3dcuq2q5qVTxs=,aU3jot7hsuTMoWyF1uwbcUPccMI=
-16,6,YepimZx61cphcI3dcuq2q5qVTxs=,sEJTpGgRdXaLvPv3D6sO6MYU+s4=
-15,7,YepimZx61cphcI3dcuq2q5qVTxs=,sEJTpGgRdXaLvPv3D6sO6MYU+s4=
-14,7,YepimZx61cphcI3dcuq2q5qVTxs=,aU3jot7hsuTMoWyF1uwbcUPccMI=
-15,6,R4wBjEanE4cDGGAerl66CSF8+U4=,sEJTpGgRdXaLvPv3D6sO6MYU+s4=
-14,5,R4wBjEanE4cDGGAerl66CSF8+U4=,6W/xtAsLVYRulE3SWfG+0dpwFT4=
-14,6,R4wBjEanE4cDGGAerl66CSF8+U4=,aU3jot7hsuTMoWyF1uwbcUPccMI=
-15,5,R4wBjEanE4cDGGAerl66CSF8+U4=,eIpHo4mD0T8EiCcwFu1jxftsf1w=
-16,3,R4wBjEanE4cDGGAerl66CSF8+U4=,QvDuY+Am33BLIF4Jht2LnONfmKM=
-16,0,R4wBjEanE4cDGGAerl66CSF8+U4=,Lz3IAk5NHuJpgVD5cVCwhT4iuGE=
-16,4,R4wBjEanE4cDGGAerl66CSF8+U4=,eIpHo4mD0T8EiCcwFu1jxftsf1w=
-15,4,R4wBjEanE4cDGGAerl66CSF8+U4=,eIpHo4mD0T8EiCcwFu1jxftsf1w=
-16,1,R4wBjEanE4cDGGAerl66CSF8+U4=,Lz3IAk5NHuJpgVD5cVCwhT4iuGE=
-16,2,R4wBjEanE4cDGGAerl66CSF8+U4=,QvDuY+Am33BLIF4Jht2LnONfmKM=
-14,3,R4wBjEanE4cDGGAerl66CSF8+U4=,jGsHPKQuO7B/Yfpohr/nHNKYv1g=
-15,3,R4wBjEanE4cDGGAerl66CSF8+U4=,QvDuY+Am33BLIF4Jht2LnONfmKM=
-14,4,R4wBjEanE4cDGGAerl66CSF8+U4=,6W/xtAsLVYRulE3SWfG+0dpwFT4=
-14,2,Xo0czFoP8ANXcbjmU6WObyGEfeQ=,jGsHPKQuO7B/Yfpohr/nHNKYv1g=
-15,2,Xo0czFoP8ANXcbjmU6WObyGEfeQ=,QvDuY+Am33BLIF4Jht2LnONfmKM=
-15,1,Xo0czFoP8ANXcbjmU6WObyGEfeQ=,Lz3IAk5NHuJpgVD5cVCwhT4iuGE=
-14,1,Xo0czFoP8ANXcbjmU6WObyGEfeQ=,xUBddPkg633ud0XZftrZE84I4s0=
-12,0,Xo0czFoP8ANXcbjmU6WObyGEfeQ=,GXGbOoBHAVTyUmUvTYRLunyTMiA=
-15,0,Xo0czFoP8ANXcbjmU6WObyGEfeQ=,Lz3IAk5NHuJpgVD5cVCwhT4iuGE=
-13,0,Xo0czFoP8ANXcbjmU6WObyGEfeQ=,xUBddPkg633ud0XZftrZE84I4s0=
-14,0,Xo0czFoP8ANXcbjmU6WObyGEfeQ=,xUBddPkg633ud0XZftrZE84I4s0=
-10,0,Xo0czFoP8ANXcbjmU6WObyGEfeQ=,c0DhssFde4zXHXiD2pcUxd/PWsg=
-11,0,Xo0czFoP8ANXcbjmU6WObyGEfeQ=,GXGbOoBHAVTyUmUvTYRLunyTMiA=
-9,0,Xo0czFoP8ANXcbjmU6WObyGEfeQ=,c0DhssFde4zXHXiD2pcUxd/PWsg=
-8,0,Xo0czFoP8ANXcbjmU6WObyGEfeQ=,SoQzwnCS9OYAMaDthRuyv/4ok40=
-7,0,nEe5b/mhilf51BLR7PBylLdb/LQ=,SoQzwnCS9OYAMaDthRuyv/4ok40=
-6,0,nEe5b/mhilf51BLR7PBylLdb/LQ=,szLvSME1pslQyVYZoGu8gLY7+74=
-5,0,nEe5b/mhilf51BLR7PBylLdb/LQ=,szLvSME1pslQyVYZoGu8gLY7+74=
-4,0,nEe5b/mhilf51BLR7PBylLdb/LQ=,3zzbqPH/5oEsmHQehjuHhOY0urA=
-1,2,nEe5b/mhilf51BLR7PBylLdb/LQ=,XYZoJX26zvo0ObllnPWVedXarX0=
-1,0,nEe5b/mhilf51BLR7PBylLdb/LQ=,EdNdRpOgOVxI8pRXiYS4pPMabXc=
-2,0,nEe5b/mhilf51BLR7PBylLdb/LQ=,EdNdRpOgOVxI8pRXiYS4pPMabXc=
-1,1,p8mEgAKKEuFUj6ZgcOzrlZfq0QQ=,EdNdRpOgOVxI8pRXiYS4pPMabXc=
-3,0,p8mEgAKKEuFUj6ZgcOzrlZfq0QQ=,3zzbqPH/5oEsmHQehjuHhOY0urA=
-3,1,p8mEgAKKEuFUj6ZgcOzrlZfq0QQ=,3zzbqPH/5oEsmHQehjuHhOY0urA=
-2,1,p8mEgAKKEuFUj6ZgcOzrlZfq0QQ=,EdNdRpOgOVxI8pRXiYS4pPMabXc=
-2,2,p8mEgAKKEuFUj6ZgcOzrlZfq0QQ=,XYZoJX26zvo0ObllnPWVedXarX0=
-3,2,p8mEgAKKEuFUj6ZgcOzrlZfq0QQ=,szLvSME1pslQyVYZoGu8gLY7+74=
-1,4,p8mEgAKKEuFUj6ZgcOzrlZfq0QQ=,szLvSME1pslQyVYZoGu8gLY7+74=
-1,3,p8mEgAKKEuFUj6ZgcOzrlZfq0QQ=,XYZoJX26zvo0ObllnPWVedXarX0=
-3,4,p8mEgAKKEuFUj6ZgcOzrlZfq0QQ=,eYIAxQGHvUzXd7XDB4xa4gR2rPE=
-1,6,p8mEgAKKEuFUj6ZgcOzrlZfq0QQ=,pm/QkzxywPYOS3DckJL14hgIqeo=
-3,3,p8mEgAKKEuFUj6ZgcOzrlZfq0QQ=,szLvSME1pslQyVYZoGu8gLY7+74=
-1,5,p8mEgAKKEuFUj6ZgcOzrlZfq0QQ=,szLvSME1pslQyVYZoGu8gLY7+74=
-2,4,p8mEgAKKEuFUj6ZgcOzrlZfq0QQ=,szLvSME1pslQyVYZoGu8gLY7+74=
-2,3,p8mEgAKKEuFUj6ZgcOzrlZfq0QQ=,XYZoJX26zvo0ObllnPWVedXarX0=
-2,6,uJxXHuj7gru1kZTbim0JomCH1Nc=,pm/QkzxywPYOS3DckJL14hgIqeo=
-3,5,uJxXHuj7gru1kZTbim0JomCH1Nc=,eYIAxQGHvUzXd7XDB4xa4gR2rPE=
-1,7,uJxXHuj7gru1kZTbim0JomCH1Nc=,pm/QkzxywPYOS3DckJL14hgIqeo=
-3,6,uJxXHuj7gru1kZTbim0JomCH1Nc=,mj8RITrD5yiqQXq7jMm3Pct/GjE=
-1,9,uJxXHuj7gru1kZTbim0JomCH1Nc=,6GyHlOpN9HIO2ivVOJAah9QtKss=
-1,8,uJxXHuj7gru1kZTbim0JomCH1Nc=,6GyHlOpN9HIO2ivVOJAah9QtKss=
-1,10,uJxXHuj7gru1kZTbim0JomCH1Nc=,QQNTI4bsnl6Jxx+bRJFWh21k1BU=
-2,5,uJxXHuj7gru1kZTbim0JomCH1Nc=,szLvSME1pslQyVYZoGu8gLY7+74=
-5,7,uJxXHuj7gru1kZTbim0JomCH1Nc=,hYZlGNSI2DEKAbkF0vSh9bO1BU0=
-4,15,uJxXHuj7gru1kZTbim0JomCH1Nc=,MTRthQNPLvkFafnKOk3Y7U9Re4Q=
-5,8,uJxXHuj7gru1kZTbim0JomCH1Nc=,hzacXRUMylv68JW6cQzHrkn2e+Q=
-2,8,uJxXHuj7gru1kZTbim0JomCH1Nc=,6GyHlOpN9HIO2ivVOJAah9QtKss=
-3,7,uJxXHuj7gru1kZTbim0JomCH1Nc=,mj8RITrD5yiqQXq7jMm3Pct/GjE=
-4,7,uJxXHuj7gru1kZTbim0JomCH1Nc=,mj8RITrD5yiqQXq7jMm3Pct/GjE=
-2,7,uJxXHuj7gru1kZTbim0JomCH1Nc=,pm/QkzxywPYOS3DckJL14hgIqeo=
-3,8,uJxXHuj7gru1kZTbim0JomCH1Nc=,hzacXRUMylv68JW6cQzHrkn2e+Q=
-4,8,uJxXHuj7gru1kZTbim0JomCH1Nc=,hzacXRUMylv68JW6cQzHrkn2e+Q=
-3,15,zaseKIYWo0IJYAo+rT0QT1P2Uy4=,MTRthQNPLvkFafnKOk3Y7U9Re4Q=
-1,15,zaseKIYWo0IJYAo+rT0QT1P2Uy4=,5NYMrdR2fhb+9bV7YHcSvbPmUTw=
-2,15,zaseKIYWo0IJYAo+rT0QT1P2Uy4=,5NYMrdR2fhb+9bV7YHcSvbPmUTw=
-4,13,zaseKIYWo0IJYAo+rT0QT1P2Uy4=,xZqi3y79AQ7s3PNV3jCGL6dvtcc=
-3,10,zaseKIYWo0IJYAo+rT0QT1P2Uy4=,bWGZmYdN3R2GXlgjeSTnSOsxymE=
-4,11,zaseKIYWo0IJYAo+rT0QT1P2Uy4=,bWGZmYdN3R2GXlgjeSTnSOsxymE=
-5,11,zaseKIYWo0IJYAo+rT0QT1P2Uy4=,n+Bw27IWmLUpjj2oZ8CS799gMr8=
-4,12,zaseKIYWo0IJYAo+rT0QT1P2Uy4=,xZqi3y79AQ7s3PNV3jCGL6dvtcc=
-4,14,zaseKIYWo0IJYAo+rT0QT1P2Uy4=,MTRthQNPLvkFafnKOk3Y7U9Re4Q=
-4,10,zaseKIYWo0IJYAo+rT0QT1P2Uy4=,bWGZmYdN3R2GXlgjeSTnSOsxymE=
-2,9,zaseKIYWo0IJYAo+rT0QT1P2Uy4=,6GyHlOpN9HIO2ivVOJAah9QtKss=
-1,14,zaseKIYWo0IJYAo+rT0QT1P2Uy4=,5NYMrdR2fhb+9bV7YHcSvbPmUTw=
-5,10,zaseKIYWo0IJYAo+rT0QT1P2Uy4=,n+Bw27IWmLUpjj2oZ8CS799gMr8=
-3,13,zaseKIYWo0IJYAo+rT0QT1P2Uy4=,xZqi3y79AQ7s3PNV3jCGL6dvtcc=
-5,9,zaseKIYWo0IJYAo+rT0QT1P2Uy4=,hzacXRUMylv68JW6cQzHrkn2e+Q=
-3,11,zaseKIYWo0IJYAo+rT0QT1P2Uy4=,bWGZmYdN3R2GXlgjeSTnSOsxymE=
-3,9,zaseKIYWo0IJYAo+rT0QT1P2Uy4=,hzacXRUMylv68JW6cQzHrkn2e+Q=
-4,9,zaseKIYWo0IJYAo+rT0QT1P2Uy4=,hzacXRUMylv68JW6cQzHrkn2e+Q=
-2,12,zaseKIYWo0IJYAo+rT0QT1P2Uy4=,Q7kxVEP+4tlU+mwUiJ8OhyhtfWc=
-3,12,zaseKIYWo0IJYAo+rT0QT1P2Uy4=,xZqi3y79AQ7s3PNV3jCGL6dvtcc=
-2,10,zaseKIYWo0IJYAo+rT0QT1P2Uy4=,QQNTI4bsnl6Jxx+bRJFWh21k1BU=
-2,14,zaseKIYWo0IJYAo+rT0QT1P2Uy4=,5NYMrdR2fhb+9bV7YHcSvbPmUTw=
-2,13,zaseKIYWo0IJYAo+rT0QT1P2Uy4=,Q7kxVEP+4tlU+mwUiJ8OhyhtfWc=
-13,6,zaseKIYWo0IJYAo+rT0QT1P2Uy4=,aU3jot7hsuTMoWyF1uwbcUPccMI=
-3,14,zaseKIYWo0IJYAo+rT0QT1P2Uy4=,MTRthQNPLvkFafnKOk3Y7U9Re4Q=
-1,11,zaseKIYWo0IJYAo+rT0QT1P2Uy4=,QQNTI4bsnl6Jxx+bRJFWh21k1BU=
-12,5,zaseKIYWo0IJYAo+rT0QT1P2Uy4=,J8bFHP3KA9yzbr4OWKCV1faAzPI=
-2,11,zaseKIYWo0IJYAo+rT0QT1P2Uy4=,QQNTI4bsnl6Jxx+bRJFWh21k1BU=
-12,6,zaseKIYWo0IJYAo+rT0QT1P2Uy4=,aU3jot7hsuTMoWyF1uwbcUPccMI=
-1,12,zaseKIYWo0IJYAo+rT0QT1P2Uy4=,Q7kxVEP+4tlU+mwUiJ8OhyhtfWc=
-1,13,zaseKIYWo0IJYAo+rT0QT1P2Uy4=,Q7kxVEP+4tlU+mwUiJ8OhyhtfWc=
-11,5,zaseKIYWo0IJYAo+rT0QT1P2Uy4=,J8bFHP3KA9yzbr4OWKCV1faAzPI=
-13,5,t9d5laL8CfjqBjRtd+IREVuCX3s=,6W/xtAsLVYRulE3SWfG+0dpwFT4=
-11,6,t9d5laL8CfjqBjRtd+IREVuCX3s=,aU3jot7hsuTMoWyF1uwbcUPccMI=
-10,6,t9d5laL8CfjqBjRtd+IREVuCX3s=,0rQvwHKmL/IVXoGLvp2TynlQxc0=
-10,5,t9d5laL8CfjqBjRtd+IREVuCX3s=,Nzt8heRzXU5xZs/boLUNAOVLJf4=
-8,1,t9d5laL8CfjqBjRtd+IREVuCX3s=,SoQzwnCS9OYAMaDthRuyv/4ok40=
-10,1,t9d5laL8CfjqBjRtd+IREVuCX3s=,c0DhssFde4zXHXiD2pcUxd/PWsg=
-13,2,t9d5laL8CfjqBjRtd+IREVuCX3s=,jGsHPKQuO7B/Yfpohr/nHNKYv1g=
-5,1,JCne9zm7eD0KiQJ08h1/oIv3/ok=,szLvSME1pslQyVYZoGu8gLY7+74=
-8,2,JCne9zm7eD0KiQJ08h1/oIv3/ok=,zGHozbLWjmYqNX3i7HSFgPd0rXM=
-11,4,JCne9zm7eD0KiQJ08h1/oIv3/ok=,J8bFHP3KA9yzbr4OWKCV1faAzPI=
-9,3,JCne9zm7eD0KiQJ08h1/oIv3/ok=,82RtYKeyXke7/a5YU/5fKM7jB3M=
-4,1,JCne9zm7eD0KiQJ08h1/oIv3/ok=,3zzbqPH/5oEsmHQehjuHhOY0urA=
-9,2,JCne9zm7eD0KiQJ08h1/oIv3/ok=,82RtYKeyXke7/a5YU/5fKM7jB3M=
-12,4,JCne9zm7eD0KiQJ08h1/oIv3/ok=,J8bFHP3KA9yzbr4OWKCV1faAzPI=
-8,6,JCne9zm7eD0KiQJ08h1/oIv3/ok=,hlwrOnkkcvAYOAi5BEsUaydE6Bc=
-9,1,JCne9zm7eD0KiQJ08h1/oIv3/ok=,c0DhssFde4zXHXiD2pcUxd/PWsg=
-5,2,JCne9zm7eD0KiQJ08h1/oIv3/ok=,zS39GOT6CmILaaikx5KEnr4yZZE=
-11,1,JCne9zm7eD0KiQJ08h1/oIv3/ok=,GXGbOoBHAVTyUmUvTYRLunyTMiA=
-9,4,JCne9zm7eD0KiQJ08h1/oIv3/ok=,Nzt8heRzXU5xZs/boLUNAOVLJf4=
-11,3,JCne9zm7eD0KiQJ08h1/oIv3/ok=,/WurleCIagEXdIb0LzZpzZxtXt0=
-8,3,JCne9zm7eD0KiQJ08h1/oIv3/ok=,zGHozbLWjmYqNX3i7HSFgPd0rXM=
-6,1,JCne9zm7eD0KiQJ08h1/oIv3/ok=,szLvSME1pslQyVYZoGu8gLY7+74=
-7,1,JCne9zm7eD0KiQJ08h1/oIv3/ok=,SoQzwnCS9OYAMaDthRuyv/4ok40=
-6,2,JCne9zm7eD0KiQJ08h1/oIv3/ok=,zS39GOT6CmILaaikx5KEnr4yZZE=
-10,4,JCne9zm7eD0KiQJ08h1/oIv3/ok=,Nzt8heRzXU5xZs/boLUNAOVLJf4=
-9,6,JCne9zm7eD0KiQJ08h1/oIv3/ok=,0rQvwHKmL/IVXoGLvp2TynlQxc0=
-13,1,JCne9zm7eD0KiQJ08h1/oIv3/ok=,xUBddPkg633ud0XZftrZE84I4s0=
-7,2,JCne9zm7eD0KiQJ08h1/oIv3/ok=,zGHozbLWjmYqNX3i7HSFgPd0rXM=
-12,1,JCne9zm7eD0KiQJ08h1/oIv3/ok=,GXGbOoBHAVTyUmUvTYRLunyTMiA=
-8,5,JCne9zm7eD0KiQJ08h1/oIv3/ok=,ZU+/MfgM0hvz4z0/Pi41Rod2Sbo=
-10,3,JCne9zm7eD0KiQJ08h1/oIv3/ok=,82RtYKeyXke7/a5YU/5fKM7jB3M=
-4,2,JCne9zm7eD0KiQJ08h1/oIv3/ok=,szLvSME1pslQyVYZoGu8gLY7+74=
-13,4,JCne9zm7eD0KiQJ08h1/oIv3/ok=,6W/xtAsLVYRulE3SWfG+0dpwFT4=
-9,5,JCne9zm7eD0KiQJ08h1/oIv3/ok=,Nzt8heRzXU5xZs/boLUNAOVLJf4=
-7,3,JCne9zm7eD0KiQJ08h1/oIv3/ok=,zGHozbLWjmYqNX3i7HSFgPd0rXM=
-12,3,JCne9zm7eD0KiQJ08h1/oIv3/ok=,/WurleCIagEXdIb0LzZpzZxtXt0=
-8,4,JCne9zm7eD0KiQJ08h1/oIv3/ok=,ZU+/MfgM0hvz4z0/Pi41Rod2Sbo=
-7,6,JCne9zm7eD0KiQJ08h1/oIv3/ok=,hlwrOnkkcvAYOAi5BEsUaydE6Bc=
-11,2,JCne9zm7eD0KiQJ08h1/oIv3/ok=,/WurleCIagEXdIb0LzZpzZxtXt0=
-6,4,JCne9zm7eD0KiQJ08h1/oIv3/ok=,DGwyWffOdHVZlBEPfHkzQ4EqNAQ=
-12,2,JCne9zm7eD0KiQJ08h1/oIv3/ok=,/WurleCIagEXdIb0LzZpzZxtXt0=
-5,3,JCne9zm7eD0KiQJ08h1/oIv3/ok=,zS39GOT6CmILaaikx5KEnr4yZZE=
-13,3,JCne9zm7eD0KiQJ08h1/oIv3/ok=,jGsHPKQuO7B/Yfpohr/nHNKYv1g=
-6,3,JCne9zm7eD0KiQJ08h1/oIv3/ok=,zS39GOT6CmILaaikx5KEnr4yZZE=
-10,2,JCne9zm7eD0KiQJ08h1/oIv3/ok=,82RtYKeyXke7/a5YU/5fKM7jB3M=
-5,6,JCne9zm7eD0KiQJ08h1/oIv3/ok=,hYZlGNSI2DEKAbkF0vSh9bO1BU0=
-4,5,JCne9zm7eD0KiQJ08h1/oIv3/ok=,eYIAxQGHvUzXd7XDB4xa4gR2rPE=
-4,4,JCne9zm7eD0KiQJ08h1/oIv3/ok=,eYIAxQGHvUzXd7XDB4xa4gR2rPE=
-5,5,JCne9zm7eD0KiQJ08h1/oIv3/ok=,DGwyWffOdHVZlBEPfHkzQ4EqNAQ=
-4,6,JCne9zm7eD0KiQJ08h1/oIv3/ok=,mj8RITrD5yiqQXq7jMm3Pct/GjE=
-6,6,JCne9zm7eD0KiQJ08h1/oIv3/ok=,hYZlGNSI2DEKAbkF0vSh9bO1BU0=
-6,5,JCne9zm7eD0KiQJ08h1/oIv3/ok=,DGwyWffOdHVZlBEPfHkzQ4EqNAQ=
-4,3,JCne9zm7eD0KiQJ08h1/oIv3/ok=,szLvSME1pslQyVYZoGu8gLY7+74=
-7,5,JCne9zm7eD0KiQJ08h1/oIv3/ok=,ZU+/MfgM0hvz4z0/Pi41Rod2Sbo=
-5,4,JCne9zm7eD0KiQJ08h1/oIv3/ok=,DGwyWffOdHVZlBEPfHkzQ4EqNAQ=
-7,4,JCne9zm7eD0KiQJ08h1/oIv3/ok=,ZU+/MfgM0hvz4z0/Pi41Rod2Sbo=
