29,6,8HH9yOfA8sPJ8FhVGY7PmE37nwM=,v6hH/rtcVHaxt9+L5i4qNTDFQdw=
29,7,8HH9yOfA8sPJ8FhVGY7PmE37nwM=,v6hH/rtcVHaxt9+L5i4qNTDFQdw=
29,8,8HH9yOfA8sPJ8FhVGY7PmE37nwM=,7Anhf0Dw8zImuEeEQUEdrkX6Vzk=
29,10,K7NHFtvenG65XGQjacL+EEspCkg=,Hk3wM3HcGnJ0zLnhDElM27PRPn8=
29,11,K7NHFtvenG65XGQjacL+EEspCkg=,Hk3wM3HcGnJ0zLnhDElM27PRPn8=
29,9,K7NHFtvenG65XGQjacL+EEspCkg=,7Anhf0Dw8zImuEeEQUEdrkX6Vzk=
27,15,K7NHFtvenG65XGQjacL+EEspCkg=,WL7ALTwekKvfxOPnSWxzuvhn5Wc=
27,13,K7NHFtvenG65XGQjacL+EEspCkg=,WL7ALTwekKvfxOPnSWxzuvhn5Wc=
27,14,K7NHFtvenG65XGQjacL+EEspCkg=,WL7ALTwekKvfxOPnSWxzuvhn5Wc=
27,12,K7NHFtvenG65XGQjacL+EEspCkg=,WL7ALTwekKvfxOPnSWxzuvhn5Wc=
26,10,K7NHFtvenG65XGQjacL+EEspCkg=,Hnrqvp2JvnTAW/opMlb12EhXAVo=
27,10,K7NHFtvenG65XGQjacL+EEspCkg=,Hnrqvp2JvnTAW/opMlb12EhXAVo=
27,11,K7NHFtvenG65XGQjacL+EEspCkg=,Hnrqvp2JvnTAW/opMlb12EhXAVo=
26,9,K7NHFtvenG65XGQjacL+EEspCkg=,SwKjzQETKk4ZehGRSLV0gkQvG7U=
27,9,SXg9LwJvancpSrBNUP2qT6SLg3g=,SwKjzQETKk4ZehGRSLV0gkQvG7U=
25,10,SXg9LwJvancpSrBNUP2qT6SLg3g=,PWzwJyfRZ7v+dgxmnX6dXUyGYpk=
28,10,SXg9LwJvancpSrBNUP2qT6SLg3g=,Hk3wM3HcGnJ0zLnhDElM27PRPn8=
28,11,SXg9LwJvancpSrBNUP2qT6SLg3g=,Hk3wM3HcGnJ0zLnhDElM27PRPn8=
28,9,SXg9LwJvancpSrBNUP2qT6SLg3g=,7Anhf0Dw8zImuEeEQUEdrkX6Vzk=
26,12,SXg9LwJvancpSrBNUP2qT6SLg3g=,WL7ALTwekKvfxOPnSWxzuvhn5Wc=
26,13,SXg9LwJvancpSrBNUP2qT6SLg3g=,WL7ALTwekKvfxOPnSWxzuvhn5Wc=
26,11,SXg9LwJvancpSrBNUP2qT6SLg3g=,Hnrqvp2JvnTAW/opMlb12EhXAVo=
26,14,SXg9LwJvancpSrBNUP2qT6SLg3g=,WL7ALTwekKvfxOPnSWxzuvhn5Wc=
26,15,SXg9LwJvancpSrBNUP2qT6SLg3g=,WL7ALTwekKvfxOPnSWxzuvhn5Wc=
25,11,SXg9LwJvancpSrBNUP2qT6SLg3g=,PWzwJyfRZ7v+dgxmnX6dXUyGYpk=
25,13,SXg9LwJvancpSrBNUP2qT6SLg3g=,WL7ALTwekKvfxOPnSWxzuvhn5Wc=
25,12,SXg9LwJvancpSrBNUP2qT6SLg3g=,WL7ALTwekKvfxOPnSWxzuvhn5Wc=
25,14,SXg9LwJvancpSrBNUP2qT6SLg3g=,Nax18gza0Iyh24NBinaWnCQD78s=
25,15,SXg9LwJvancpSrBNUP2qT6SLg3g=,Nax18gza0Iyh24NBinaWnCQD78s=
23,14,SXg9LwJvancpSrBNUP2qT6SLg3g=,qalgnGO4BxLXYYKMztXXPifqjjw=
23,15,SXg9LwJvancpSrBNUP2qT6SLg3g=,qalgnGO4BxLXYYKMztXXPifqjjw=
23,13,SXg9LwJvancpSrBNUP2qT6SLg3g=,Gth05x4hsIquWVqSchAfdGRMsqY=
24,13,SXg9LwJvancpSrBNUP2qT6SLg3g=,WL7ALTwekKvfxOPnSWxzuvhn5Wc=
24,14,SXg9LwJvancpSrBNUP2qT6SLg3g=,Nax18gza0Iyh24NBinaWnCQD78s=
24,15,SXg9LwJvancpSrBNUP2qT6SLg3g=,Nax18gza0Iyh24NBinaWnCQD78s=
22,15,SXg9LwJvancpSrBNUP2qT6SLg3g=,qalgnGO4BxLXYYKMztXXPifqjjw=
21,15,SXg9LwJvancpSrBNUP2qT6SLg3g=,eYIAxQGHvUzXd7XDB4xa4gR2rPE=
22,14,SXg9LwJvancpSrBNUP2qT6SLg3g=,qalgnGO4BxLXYYKMztXXPifqjjw=
22,13,SXg9LwJvancpSrBNUP2qT6SLg3g=,Gth05x4hsIquWVqSchAfdGRMsqY=
21,14,SXg9LwJvancpSrBNUP2qT6SLg3g=,eYIAxQGHvUzXd7XDB4xa4gR2rPE=
21,13,SXg9LwJvancpSrBNUP2qT6SLg3g=,zGHozbLWjmYqNX3i7HSFgPd0rXM=
19,15,sXiJLNKnwPM0jK7AzYrp7O3WUyI=,5yBp4FEyUTCQ/fWubhEfOa7dLVI=
20,15,sXiJLNKnwPM0jK7AzYrp7O3WUyI=,eYIAxQGHvUzXd7XDB4xa4gR2rPE=
16,12,sXiJLNKnwPM0jK7AzYrp7O3WUyI=,sxkRmxU9bMeztu13ei1qTYPnSTg=
19,13,sXiJLNKnwPM0jK7AzYrp7O3WUyI=,szLvSME1pslQyVYZoGu8gLY7+74=
16,11,sXiJLNKnwPM0jK7AzYrp7O3WUyI=,tHTZpbbv8PaDk0jYUdkJj/uSQhc=
19,14,sXiJLNKnwPM0jK7AzYrp7O3WUyI=,5yBp4FEyUTCQ/fWubhEfOa7dLVI=
20,14,sXiJLNKnwPM0jK7AzYrp7O3WUyI=,eYIAxQGHvUzXd7XDB4xa4gR2rPE=
20,13,sXiJLNKnwPM0jK7AzYrp7O3WUyI=,zGHozbLWjmYqNX3i7HSFgPd0rXM=
18,13,sXiJLNKnwPM0jK7AzYrp7O3WUyI=,szLvSME1pslQyVYZoGu8gLY7+74=
18,14,sXiJLNKnwPM0jK7AzYrp7O3WUyI=,5yBp4FEyUTCQ/fWubhEfOa7dLVI=
18,15,sXiJLNKnwPM0jK7AzYrp7O3WUyI=,5yBp4FEyUTCQ/fWubhEfOa7dLVI=
16,13,sXiJLNKnwPM0jK7AzYrp7O3WUyI=,sxkRmxU9bMeztu13ei1qTYPnSTg=
17,13,sXiJLNKnwPM0jK7AzYrp7O3WUyI=,sxkRmxU9bMeztu13ei1qTYPnSTg=
16,14,sXiJLNKnwPM0jK7AzYrp7O3WUyI=,i7Whdd+1gICZl6zk6s6COEZSFJU=
17,14,sXiJLNKnwPM0jK7AzYrp7O3WUyI=,i7Whdd+1gICZl6zk6s6COEZSFJU=
16,15,sXiJLNKnwPM0jK7AzYrp7O3WUyI=,i7Whdd+1gICZl6zk6s6COEZSFJU=
17,15,sXiJLNKnwPM0jK7AzYrp7O3WUyI=,i7Whdd+1gICZl6zk6s6COEZSFJU=
18,11,sXiJLNKnwPM0jK7AzYrp7O3WUyI=,szLvSME1pslQyVYZoGu8gLY7+74=
18,12,sXiJLNKnwPM0jK7AzYrp7O3WUyI=,szLvSME1pslQyVYZoGu8gLY7+74=
17,12,sXiJLNKnwPM0jK7AzYrp7O3WUyI=,sxkRmxU9bMeztu13ei1qTYPnSTg=
17,11,sXiJLNKnwPM0jK7AzYrp7O3WUyI=,tHTZpbbv8PaDk0jYUdkJj/uSQhc=
16,10,0cnlvVcbtgyFOPIwye+DVJZPKpo=,tHTZpbbv8PaDk0jYUdkJj/uSQhc=
16,8,0cnlvVcbtgyFOPIwye+DVJZPKpo=,sEJTpGgRdXaLvPv3D6sO6MYU+s4=
16,9,0cnlvVcbtgyFOPIwye+DVJZPKpo=,sEJTpGgRdXaLvPv3D6sO6MYU+s4=
18,6,0cnlvVcbtgyFOPIwye+DVJZPKpo=,w9fFfOu5d8jlC4yqpicTiY12l94=
19,6,0cnlvVcbtgyFOPIwye+DVJZPKpo=,w9fFfOu5d8jlC4yqpicTiY12l94=
18,5,0cnlvVcbtgyFOPIwye+DVJZPKpo=,YN4jRn97B92sietRZlvzTdzw3m0=
19,5,0cnlvVcbtgyFOPIwye+DVJZPKpo=,YN4jRn97B92sietRZlvzTdzw3m0=
20,6,0cnlvVcbtgyFOPIwye+DVJZPKpo=,rLT42NmLXzOBeb5yerzXj91KYV0=
22,8,0cnlvVcbtgyFOPIwye+DVJZPKpo=,SJsKgPhiuoGltVQAF1KGTu0vlKg=
21,8,0cnlvVcbtgyFOPIwye+DVJZPKpo=,9kZW3lYv9k7QKmZwBbuYrXdK/jo=
18,7,0cnlvVcbtgyFOPIwye+DVJZPKpo=,w9fFfOu5d8jlC4yqpicTiY12l94=
21,7,0cnlvVcbtgyFOPIwye+DVJZPKpo=,rLT42NmLXzOBeb5yerzXj91KYV0=
19,7,0cnlvVcbtgyFOPIwye+DVJZPKpo=,w9fFfOu5d8jlC4yqpicTiY12l94=
18,10,0cnlvVcbtgyFOPIwye+DVJZPKpo=,szLvSME1pslQyVYZoGu8gLY7+74=
18,8,0cnlvVcbtgyFOPIwye+DVJZPKpo=,K3QQXdsC39mSyysCkucdzQEbE9w=
19,8,0cnlvVcbtgyFOPIwye+DVJZPKpo=,K3QQXdsC39mSyysCkucdzQEbE9w=
18,9,0cnlvVcbtgyFOPIwye+DVJZPKpo=,K3QQXdsC39mSyysCkucdzQEbE9w=
23,9,0cnlvVcbtgyFOPIwye+DVJZPKpo=,SJsKgPhiuoGltVQAF1KGTu0vlKg=
23,10,0cnlvVcbtgyFOPIwye+DVJZPKpo=,fVcxLCpoRg+7SOLa6RS5Ugz825I=
23,11,0cnlvVcbtgyFOPIwye+DVJZPKpo=,fVcxLCpoRg+7SOLa6RS5Ugz825I=
20,8,0cnlvVcbtgyFOPIwye+DVJZPKpo=,9kZW3lYv9k7QKmZwBbuYrXdK/jo=
23,12,0cnlvVcbtgyFOPIwye+DVJZPKpo=,Gth05x4hsIquWVqSchAfdGRMsqY=
24,10,0cnlvVcbtgyFOPIwye+DVJZPKpo=,PWzwJyfRZ7v+dgxmnX6dXUyGYpk=
17,10,0cnlvVcbtgyFOPIwye+DVJZPKpo=,tHTZpbbv8PaDk0jYUdkJj/uSQhc=
24,11,0cnlvVcbtgyFOPIwye+DVJZPKpo=,PWzwJyfRZ7v+dgxmnX6dXUyGYpk=
24,12,0cnlvVcbtgyFOPIwye+DVJZPKpo=,WL7ALTwekKvfxOPnSWxzuvhn5Wc=
17,8,0cnlvVcbtgyFOPIwye+DVJZPKpo=,sEJTpGgRdXaLvPv3D6sO6MYU+s4=
17,9,0cnlvVcbtgyFOPIwye+DVJZPKpo=,sEJTpGgRdXaLvPv3D6sO6MYU+s4=
20,7,0cnlvVcbtgyFOPIwye+DVJZPKpo=,rLT42NmLXzOBeb5yerzXj91KYV0=
16,3,7tampnTjnsqRR0JaR1DMpV82mm8=,ICvn/CvT1eywnZoIKQP7RQC/4no=
22,9,7tampnTjnsqRR0JaR1DMpV82mm8=,SJsKgPhiuoGltVQAF1KGTu0vlKg=
22,10,7tampnTjnsqRR0JaR1DMpV82mm8=,fVcxLCpoRg+7SOLa6RS5Ugz825I=
22,11,7tampnTjnsqRR0JaR1DMpV82mm8=,fVcxLCpoRg+7SOLa6RS5Ugz825I=
22,12,7tampnTjnsqRR0JaR1DMpV82mm8=,Gth05x4hsIquWVqSchAfdGRMsqY=
19,10,7tampnTjnsqRR0JaR1DMpV82mm8=,szLvSME1pslQyVYZoGu8gLY7+74=
19,11,7tampnTjnsqRR0JaR1DMpV82mm8=,szLvSME1pslQyVYZoGu8gLY7+74=
19,9,7tampnTjnsqRR0JaR1DMpV82mm8=,K3QQXdsC39mSyysCkucdzQEbE9w=
19,12,7tampnTjnsqRR0JaR1DMpV82mm8=,szLvSME1pslQyVYZoGu8gLY7+74=
20,12,7tampnTjnsqRR0JaR1DMpV82mm8=,zGHozbLWjmYqNX3i7HSFgPd0rXM=
21,12,7tampnTjnsqRR0JaR1DMpV82mm8=,zGHozbLWjmYqNX3i7HSFgPd0rXM=
20,9,7tampnTjnsqRR0JaR1DMpV82mm8=,9kZW3lYv9k7QKmZwBbuYrXdK/jo=
21,9,7tampnTjnsqRR0JaR1DMpV82mm8=,9kZW3lYv9k7QKmZwBbuYrXdK/jo=
20,10,7tampnTjnsqRR0JaR1DMpV82mm8=,SoQzwnCS9OYAMaDthRuyv/4ok40=
21,10,7tampnTjnsqRR0JaR1DMpV82mm8=,SoQzwnCS9OYAMaDthRuyv/4ok40=
20,11,7tampnTjnsqRR0JaR1DMpV82mm8=,SoQzwnCS9OYAMaDthRuyv/4ok40=
16,0,7tampnTjnsqRR0JaR1DMpV82mm8=,lao3ZHjYagfbVeIR66+updEF7/Q=
21,11,7tampnTjnsqRR0JaR1DMpV82mm8=,SoQzwnCS9OYAMaDthRuyv/4ok40=
16,1,7tampnTjnsqRR0JaR1DMpV82mm8=,lao3ZHjYagfbVeIR66+updEF7/Q=
16,2,7tampnTjnsqRR0JaR1DMpV82mm8=,ICvn/CvT1eywnZoIKQP7RQC/4no=
18,0,7tampnTjnsqRR0JaR1DMpV82mm8=,eIpHo4mD0T8EiCcwFu1jxftsf1w=
17,0,7tampnTjnsqRR0JaR1DMpV82mm8=,lao3ZHjYagfbVeIR66+updEF7/Q=
23,0,7tampnTjnsqRR0JaR1DMpV82mm8=,9y/4UK8L6hVE9LNQQAqwEiMoD4s=
18,4,7tampnTjnsqRR0JaR1DMpV82mm8=,YN4jRn97B92sietRZlvzTdzw3m0=
18,1,7tampnTjnsqRR0JaR1DMpV82mm8=,eIpHo4mD0T8EiCcwFu1jxftsf1w=
18,2,xWuFN1UthFXVuOaPl48JZ3sTLt8=,EsCdm+jw7A4l6Xr9XrHtzE9GEXA=
18,3,xWuFN1UthFXVuOaPl48JZ3sTLt8=,EsCdm+jw7A4l6Xr9XrHtzE9GEXA=
17,1,xWuFN1UthFXVuOaPl48JZ3sTLt8=,lao3ZHjYagfbVeIR66+updEF7/Q=
17,2,xWuFN1UthFXVuOaPl48JZ3sTLt8=,ICvn/CvT1eywnZoIKQP7RQC/4no=
17,3,xWuFN1UthFXVuOaPl48JZ3sTLt8=,ICvn/CvT1eywnZoIKQP7RQC/4no=
19,0,xWuFN1UthFXVuOaPl48JZ3sTLt8=,eIpHo4mD0T8EiCcwFu1jxftsf1w=
22,0,xWuFN1UthFXVuOaPl48JZ3sTLt8=,9y/4UK8L6hVE9LNQQAqwEiMoD4s=
25,2,xWuFN1UthFXVuOaPl48JZ3sTLt8=,DyxFC/UHIIsqfoOwAzJ288TP+Ck=
20,0,xWuFN1UthFXVuOaPl48JZ3sTLt8=,IDowSZ6Po2PopBy1VPouP51vu+Y=
21,0,xWuFN1UthFXVuOaPl48JZ3sTLt8=,IDowSZ6Po2PopBy1VPouP51vu+Y=
19,4,xWuFN1UthFXVuOaPl48JZ3sTLt8=,YN4jRn97B92sietRZlvzTdzw3m0=
19,1,xWuFN1UthFXVuOaPl48JZ3sTLt8=,eIpHo4mD0T8EiCcwFu1jxftsf1w=
19,2,xWuFN1UthFXVuOaPl48JZ3sTLt8=,EsCdm+jw7A4l6Xr9XrHtzE9GEXA=
19,3,xWuFN1UthFXVuOaPl48JZ3sTLt8=,EsCdm+jw7A4l6Xr9XrHtzE9GEXA=
20,2,xWuFN1UthFXVuOaPl48JZ3sTLt8=,hWasbkB8Q419igjx4zSUwipjuq0=
20,3,xWuFN1UthFXVuOaPl48JZ3sTLt8=,hWasbkB8Q419igjx4zSUwipjuq0=
20,1,xWuFN1UthFXVuOaPl48JZ3sTLt8=,IDowSZ6Po2PopBy1VPouP51vu+Y=
27,4,xWuFN1UthFXVuOaPl48JZ3sTLt8=,fcjHoi4V+qDL+LcAgbSTSf5tqDI=
22,2,xWuFN1UthFXVuOaPl48JZ3sTLt8=,sEJTpGgRdXaLvPv3D6sO6MYU+s4=
23,2,xWuFN1UthFXVuOaPl48JZ3sTLt8=,sEJTpGgRdXaLvPv3D6sO6MYU+s4=
22,1,xWuFN1UthFXVuOaPl48JZ3sTLt8=,9y/4UK8L6hVE9LNQQAqwEiMoD4s=
23,1,xWuFN1UthFXVuOaPl48JZ3sTLt8=,9y/4UK8L6hVE9LNQQAqwEiMoD4s=
21,2,xWuFN1UthFXVuOaPl48JZ3sTLt8=,hWasbkB8Q419igjx4zSUwipjuq0=
21,1,xWuFN1UthFXVuOaPl48JZ3sTLt8=,IDowSZ6Po2PopBy1VPouP51vu+Y=
22,4,xWuFN1UthFXVuOaPl48JZ3sTLt8=,DyxFC/UHIIsqfoOwAzJ288TP+Ck=
23,8,xWuFN1UthFXVuOaPl48JZ3sTLt8=,SJsKgPhiuoGltVQAF1KGTu0vlKg=
24,2,xWuFN1UthFXVuOaPl48JZ3sTLt8=,DyxFC/UHIIsqfoOwAzJ288TP+Ck=
22,5,xWuFN1UthFXVuOaPl48JZ3sTLt8=,DyxFC/UHIIsqfoOwAzJ288TP+Ck=
24,7,xWuFN1UthFXVuOaPl48JZ3sTLt8=,I/FOD7V2eUsJpjtWA3LzueE3fsY=
22,3,xWuFN1UthFXVuOaPl48JZ3sTLt8=,sEJTpGgRdXaLvPv3D6sO6MYU+s4=
21,3,xWuFN1UthFXVuOaPl48JZ3sTLt8=,hWasbkB8Q419igjx4zSUwipjuq0=
21,6,xWuFN1UthFXVuOaPl48JZ3sTLt8=,rLT42NmLXzOBeb5yerzXj91KYV0=
23,4,TT93h6nMrnDShZes/BtvewqgLxo=,DyxFC/UHIIsqfoOwAzJ288TP+Ck=
23,5,TT93h6nMrnDShZes/BtvewqgLxo=,DyxFC/UHIIsqfoOwAzJ288TP+Ck=
23,3,TT93h6nMrnDShZes/BtvewqgLxo=,sEJTpGgRdXaLvPv3D6sO6MYU+s4=
26,4,TT93h6nMrnDShZes/BtvewqgLxo=,fcjHoi4V+qDL+LcAgbSTSf5tqDI=
24,6,TT93h6nMrnDShZes/BtvewqgLxo=,I/FOD7V2eUsJpjtWA3LzueE3fsY=
24,4,TT93h6nMrnDShZes/BtvewqgLxo=,1Xs9y3HupmCqDvfvUNiXUYCi934=
25,4,TT93h6nMrnDShZes/BtvewqgLxo=,1Xs9y3HupmCqDvfvUNiXUYCi934=
24,5,TT93h6nMrnDShZes/BtvewqgLxo=,1Xs9y3HupmCqDvfvUNiXUYCi934=
24,3,TT93h6nMrnDShZes/BtvewqgLxo=,DyxFC/UHIIsqfoOwAzJ288TP+Ck=
25,3,TT93h6nMrnDShZes/BtvewqgLxo=,DyxFC/UHIIsqfoOwAzJ288TP+Ck=
26,8,TT93h6nMrnDShZes/BtvewqgLxo=,SwKjzQETKk4ZehGRSLV0gkQvG7U=
27,8,TT93h6nMrnDShZes/BtvewqgLxo=,SwKjzQETKk4ZehGRSLV0gkQvG7U=
26,6,TT93h6nMrnDShZes/BtvewqgLxo=,f9leYAvlwvWy4OGS38jCw14jBYo=
27,6,TT93h6nMrnDShZes/BtvewqgLxo=,f9leYAvlwvWy4OGS38jCw14jBYo=
26,7,TT93h6nMrnDShZes/BtvewqgLxo=,f9leYAvlwvWy4OGS38jCw14jBYo=
27,7,TT93h6nMrnDShZes/BtvewqgLxo=,f9leYAvlwvWy4OGS38jCw14jBYo=
26,5,TT93h6nMrnDShZes/BtvewqgLxo=,fcjHoi4V+qDL+LcAgbSTSf5tqDI=
27,5,TT93h6nMrnDShZes/BtvewqgLxo=,fcjHoi4V+qDL+LcAgbSTSf5tqDI=
28,6,TT93h6nMrnDShZes/BtvewqgLxo=,v6hH/rtcVHaxt9+L5i4qNTDFQdw=
28,7,TT93h6nMrnDShZes/BtvewqgLxo=,v6hH/rtcVHaxt9+L5i4qNTDFQdw=
25,6,TT93h6nMrnDShZes/BtvewqgLxo=,I/FOD7V2eUsJpjtWA3LzueE3fsY=
25,7,TT93h6nMrnDShZes/BtvewqgLxo=,I/FOD7V2eUsJpjtWA3LzueE3fsY=
25,5,TT93h6nMrnDShZes/BtvewqgLxo=,1Xs9y3HupmCqDvfvUNiXUYCi934=
28,8,TT93h6nMrnDShZes/BtvewqgLxo=,7Anhf0Dw8zImuEeEQUEdrkX6Vzk=
1,23,Gle1JuU9HWNv/lSliuqAAVXQCfw=,Tfi1MxLZDThdHAj1ANWS7idjy3M=
0,23,Gle1JuU9HWNv/lSliuqAAVXQCfw=,Tfi1MxLZDThdHAj1ANWS7idjy3M=
1,22,Gle1JuU9HWNv/lSliuqAAVXQCfw=,Tfi1MxLZDThdHAj1ANWS7idjy3M=
0,22,Gle1JuU9HWNv/lSliuqAAVXQCfw=,Tfi1MxLZDThdHAj1ANWS7idjy3M=
1,21,Gle1JuU9HWNv/lSliuqAAVXQCfw=,GwZfUe9HHxAqdfMhozOp6ID3JhU=
0,21,Gle1JuU9HWNv/lSliuqAAVXQCfw=,GwZfUe9HHxAqdfMhozOp6ID3JhU=
1,20,DvtWpIOkH3LR8HCH44C+cjytbJU=,GwZfUe9HHxAqdfMhozOp6ID3JhU=
1,19,DvtWpIOkH3LR8HCH44C+cjytbJU=,N4g3POaZv1OnrX5D5G9A0UsFRbM=
0,20,DvtWpIOkH3LR8HCH44C+cjytbJU=,GwZfUe9HHxAqdfMhozOp6ID3JhU=
0,19,DvtWpIOkH3LR8HCH44C+cjytbJU=,N4g3POaZv1OnrX5D5G9A0UsFRbM=
4,19,DvtWpIOkH3LR8HCH44C+cjytbJU=,ZNjEOi7b25ZOFLRc9S9hOlHx7qY=
2,17,DvtWpIOkH3LR8HCH44C+cjytbJU=,aWVm/e/u/EO24Edg+60descQttg=
2,16,DvtWpIOkH3LR8HCH44C+cjytbJU=,aWVm/e/u/EO24Edg+60descQttg=
3,17,DvtWpIOkH3LR8HCH44C+cjytbJU=,aWVm/e/u/EO24Edg+60descQttg=
0,17,DvtWpIOkH3LR8HCH44C+cjytbJU=,KKFxcEIukTkkpADSBUgzSMsSyC0=
3,16,DvtWpIOkH3LR8HCH44C+cjytbJU=,aWVm/e/u/EO24Edg+60descQttg=
5,19,DvtWpIOkH3LR8HCH44C+cjytbJU=,ZNjEOi7b25ZOFLRc9S9hOlHx7qY=
6,19,DvtWpIOkH3LR8HCH44C+cjytbJU=,L9yox1Oe+YYt5mP4sdaFbB3fRd0=
1,17,DvtWpIOkH3LR8HCH44C+cjytbJU=,KKFxcEIukTkkpADSBUgzSMsSyC0=
4,17,DvtWpIOkH3LR8HCH44C+cjytbJU=,cB+fYtNRYxvWOgNQkxmuxeVaM+A=
1,18,DvtWpIOkH3LR8HCH44C+cjytbJU=,N4g3POaZv1OnrX5D5G9A0UsFRbM=
4,16,DvtWpIOkH3LR8HCH44C+cjytbJU=,cB+fYtNRYxvWOgNQkxmuxeVaM+A=
4,18,DvtWpIOkH3LR8HCH44C+cjytbJU=,ZNjEOi7b25ZOFLRc9S9hOlHx7qY=
0,18,DvtWpIOkH3LR8HCH44C+cjytbJU=,N4g3POaZv1OnrX5D5G9A0UsFRbM=
8,19,DvtWpIOkH3LR8HCH44C+cjytbJU=,sEJTpGgRdXaLvPv3D6sO6MYU+s4=
7,19,DvtWpIOkH3LR8HCH44C+cjytbJU=,L9yox1Oe+YYt5mP4sdaFbB3fRd0=
1,16,DvtWpIOkH3LR8HCH44C+cjytbJU=,KKFxcEIukTkkpADSBUgzSMsSyC0=
0,16,DvtWpIOkH3LR8HCH44C+cjytbJU=,KKFxcEIukTkkpADSBUgzSMsSyC0=
9,19,DvtWpIOkH3LR8HCH44C+cjytbJU=,sEJTpGgRdXaLvPv3D6sO6MYU+s4=
10,19,DvtWpIOkH3LR8HCH44C+cjytbJU=,tOmO8X0Du9i5jsGid2MpNREcNKI=
5,18,6GxpMTfemfRq6tS6uhHc5w/9ou8=,ZNjEOi7b25ZOFLRc9S9hOlHx7qY=
5,16,6GxpMTfemfRq6tS6uhHc5w/9ou8=,cB+fYtNRYxvWOgNQkxmuxeVaM+A=
6,18,6GxpMTfemfRq6tS6uhHc5w/9ou8=,L9yox1Oe+YYt5mP4sdaFbB3fRd0=
5,17,6GxpMTfemfRq6tS6uhHc5w/9ou8=,cB+fYtNRYxvWOgNQkxmuxeVaM+A=
9,18,6GxpMTfemfRq6tS6uhHc5w/9ou8=,sEJTpGgRdXaLvPv3D6sO6MYU+s4=
10,18,6GxpMTfemfRq6tS6uhHc5w/9ou8=,tOmO8X0Du9i5jsGid2MpNREcNKI=
6,17,6GxpMTfemfRq6tS6uhHc5w/9ou8=,DyxFC/UHIIsqfoOwAzJ288TP+Ck=
8,18,6GxpMTfemfRq6tS6uhHc5w/9ou8=,sEJTpGgRdXaLvPv3D6sO6MYU+s4=
6,16,6GxpMTfemfRq6tS6uhHc5w/9ou8=,DyxFC/UHIIsqfoOwAzJ288TP+Ck=
8,17,6GxpMTfemfRq6tS6uhHc5w/9ou8=,sEJTpGgRdXaLvPv3D6sO6MYU+s4=
10,17,6GxpMTfemfRq6tS6uhHc5w/9ou8=,rbeao3d7i6paddlLMTNHrPMA6qM=
12,16,6GxpMTfemfRq6tS6uhHc5w/9ou8=,koSkzFcggsYNG23R8JSAEc3foNk=
9,17,6GxpMTfemfRq6tS6uhHc5w/9ou8=,sEJTpGgRdXaLvPv3D6sO6MYU+s4=
11,16,6GxpMTfemfRq6tS6uhHc5w/9ou8=,rbeao3d7i6paddlLMTNHrPMA6qM=
9,16,6GxpMTfemfRq6tS6uhHc5w/9ou8=,sEJTpGgRdXaLvPv3D6sO6MYU+s4=
7,18,6GxpMTfemfRq6tS6uhHc5w/9ou8=,L9yox1Oe+YYt5mP4sdaFbB3fRd0=
7,17,6GxpMTfemfRq6tS6uhHc5w/9ou8=,DyxFC/UHIIsqfoOwAzJ288TP+Ck=
7,16,NxnbTcp9Ho6NlHRQvQmAcCbvkjY=,DyxFC/UHIIsqfoOwAzJ288TP+Ck=
10,16,NxnbTcp9Ho6NlHRQvQmAcCbvkjY=,rbeao3d7i6paddlLMTNHrPMA6qM=
8,16,NxnbTcp9Ho6NlHRQvQmAcCbvkjY=,sEJTpGgRdXaLvPv3D6sO6MYU+s4=
15,16,NxnbTcp9Ho6NlHRQvQmAcCbvkjY=,C0mAbUEbGpunsWTu8bm6zuTxhcs=
15,21,NxnbTcp9Ho6NlHRQvQmAcCbvkjY=,BwnWMbGWEKJm+qRjPYxSwQwADTc=
13,21,NxnbTcp9Ho6NlHRQvQmAcCbvkjY=,Cb9895Wk6/BeNHQSrr647yJM3VA=
12,21,NxnbTcp9Ho6NlHRQvQmAcCbvkjY=,Cb9895Wk6/BeNHQSrr647yJM3VA=
15,17,NxnbTcp9Ho6NlHRQvQmAcCbvkjY=,C0mAbUEbGpunsWTu8bm6zuTxhcs=
14,21,NxnbTcp9Ho6NlHRQvQmAcCbvkjY=,BwnWMbGWEKJm+qRjPYxSwQwADTc=
14,16,NxnbTcp9Ho6NlHRQvQmAcCbvkjY=,C0mAbUEbGpunsWTu8bm6zuTxhcs=
15,19,NxnbTcp9Ho6NlHRQvQmAcCbvkjY=,QHMnASJWnVS22Yilv1HLpN7dCDQ=
13,16,NxnbTcp9Ho6NlHRQvQmAcCbvkjY=,koSkzFcggsYNG23R8JSAEc3foNk=
15,18,NxnbTcp9Ho6NlHRQvQmAcCbvkjY=,QHMnASJWnVS22Yilv1HLpN7dCDQ=
15,20,NxnbTcp9Ho6NlHRQvQmAcCbvkjY=,BwnWMbGWEKJm+qRjPYxSwQwADTc=
14,17,NxnbTcp9Ho6NlHRQvQmAcCbvkjY=,C0mAbUEbGpunsWTu8bm6zuTxhcs=
11,19,NxnbTcp9Ho6NlHRQvQmAcCbvkjY=,tOmO8X0Du9i5jsGid2MpNREcNKI=
13,20,NxnbTcp9Ho6NlHRQvQmAcCbvkjY=,Cb9895Wk6/BeNHQSrr647yJM3VA=
11,18,NxnbTcp9Ho6NlHRQvQmAcCbvkjY=,tOmO8X0Du9i5jsGid2MpNREcNKI=
13,17,NxnbTcp9Ho6NlHRQvQmAcCbvkjY=,koSkzFcggsYNG23R8JSAEc3foNk=
12,17,NxnbTcp9Ho6NlHRQvQmAcCbvkjY=,koSkzFcggsYNG23R8JSAEc3foNk=
11,17,NxnbTcp9Ho6NlHRQvQmAcCbvkjY=,rbeao3d7i6paddlLMTNHrPMA6qM=
12,18,NxnbTcp9Ho6NlHRQvQmAcCbvkjY=,FlWnNXw3IEcxMKCEd6nC7KW1O2Q=
14,19,NxnbTcp9Ho6NlHRQvQmAcCbvkjY=,QHMnASJWnVS22Yilv1HLpN7dCDQ=
13,19,NxnbTcp9Ho6NlHRQvQmAcCbvkjY=,FlWnNXw3IEcxMKCEd6nC7KW1O2Q=
14,18,NxnbTcp9Ho6NlHRQvQmAcCbvkjY=,QHMnASJWnVS22Yilv1HLpN7dCDQ=
12,19,NxnbTcp9Ho6NlHRQvQmAcCbvkjY=,FlWnNXw3IEcxMKCEd6nC7KW1O2Q=
13,18,NxnbTcp9Ho6NlHRQvQmAcCbvkjY=,FlWnNXw3IEcxMKCEd6nC7KW1O2Q=
14,20,NxnbTcp9Ho6NlHRQvQmAcCbvkjY=,BwnWMbGWEKJm+qRjPYxSwQwADTc=
12,20,NxnbTcp9Ho6NlHRQvQmAcCbvkjY=,Cb9895Wk6/BeNHQSrr647yJM3VA=
25,19,8YeDM0LJWx4bJqPAq8zWauea2DU=,koSkzFcggsYNG23R8JSAEc3foNk=
25,20,8YeDM0LJWx4bJqPAq8zWauea2DU=,koSkzFcggsYNG23R8JSAEc3foNk=
25,21,8YeDM0LJWx4bJqPAq8zWauea2DU=,koSkzFcggsYNG23R8JSAEc3foNk=
25,18,oV2hSowNwN/egUHgqKrHD5UTiE0=,koSkzFcggsYNG23R8JSAEc3foNk=
25,16,oV2hSowNwN/egUHgqKrHD5UTiE0=,VY81Zf63u4aNY8Yh4uLx9Q+Ee2Q=
25,17,oV2hSowNwN/egUHgqKrHD5UTiE0=,VY81Zf63u4aNY8Yh4uLx9Q+Ee2Q=
24,18,oV2hSowNwN/egUHgqKrHD5UTiE0=,koSkzFcggsYNG23R8JSAEc3foNk=
24,16,oV2hSowNwN/egUHgqKrHD5UTiE0=,VY81Zf63u4aNY8Yh4uLx9Q+Ee2Q=
23,17,oV2hSowNwN/egUHgqKrHD5UTiE0=,StljbtQZChIgqh5nso6ld7cdXvU=
21,17,oV2hSowNwN/egUHgqKrHD5UTiE0=,63D2zkz+YCy4pUYzvlNfsFBSEyw=
23,18,Af7seW9eWz/yPlr92UPtjX1Ogpo=,+00n9WTOMPLSDqCYzOHGAGWr7PI=
21,16,Af7seW9eWz/yPlr92UPtjX1Ogpo=,63D2zkz+YCy4pUYzvlNfsFBSEyw=
21,18,Af7seW9eWz/yPlr92UPtjX1Ogpo=,ymUC+et/FbLAuOfKKvesRNoppVI=
24,17,Af7seW9eWz/yPlr92UPtjX1Ogpo=,VY81Zf63u4aNY8Yh4uLx9Q+Ee2Q=
22,16,Af7seW9eWz/yPlr92UPtjX1Ogpo=,StljbtQZChIgqh5nso6ld7cdXvU=
22,18,Af7seW9eWz/yPlr92UPtjX1Ogpo=,+00n9WTOMPLSDqCYzOHGAGWr7PI=
23,16,Af7seW9eWz/yPlr92UPtjX1Ogpo=,StljbtQZChIgqh5nso6ld7cdXvU=
20,16,Af7seW9eWz/yPlr92UPtjX1Ogpo=,63D2zkz+YCy4pUYzvlNfsFBSEyw=
22,17,Af7seW9eWz/yPlr92UPtjX1Ogpo=,StljbtQZChIgqh5nso6ld7cdXvU=
19,16,Af7seW9eWz/yPlr92UPtjX1Ogpo=,kOmfO8WfVaNU8tffVQyudzhLlLs=
16,23,Af7seW9eWz/yPlr92UPtjX1Ogpo=,Lc1kBuZVILQv2xMK1GUEhtAANh4=
16,18,Af7seW9eWz/yPlr92UPtjX1Ogpo=,QHMnASJWnVS22Yilv1HLpN7dCDQ=
16,17,Af7seW9eWz/yPlr92UPtjX1Ogpo=,szLvSME1pslQyVYZoGu8gLY7+74=
16,21,Af7seW9eWz/yPlr92UPtjX1Ogpo=,/ZDckrNQHHoZXcWPWkxw5r8EXpE=
17,16,Af7seW9eWz/yPlr92UPtjX1Ogpo=,szLvSME1pslQyVYZoGu8gLY7+74=
16,16,Af7seW9eWz/yPlr92UPtjX1Ogpo=,szLvSME1pslQyVYZoGu8gLY7+74=
18,16,oqNVmR6X0BeyiNPnA5IwGjOxT08=,kOmfO8WfVaNU8tffVQyudzhLlLs=
16,19,oqNVmR6X0BeyiNPnA5IwGjOxT08=,QHMnASJWnVS22Yilv1HLpN7dCDQ=
19,17,oqNVmR6X0BeyiNPnA5IwGjOxT08=,kOmfO8WfVaNU8tffVQyudzhLlLs=
17,18,oqNVmR6X0BeyiNPnA5IwGjOxT08=,QHMnASJWnVS22Yilv1HLpN7dCDQ=
16,20,oqNVmR6X0BeyiNPnA5IwGjOxT08=,/ZDckrNQHHoZXcWPWkxw5r8EXpE=
16,22,oqNVmR6X0BeyiNPnA5IwGjOxT08=,Lc1kBuZVILQv2xMK1GUEhtAANh4=
20,17,oqNVmR6X0BeyiNPnA5IwGjOxT08=,63D2zkz+YCy4pUYzvlNfsFBSEyw=
17,17,oqNVmR6X0BeyiNPnA5IwGjOxT08=,szLvSME1pslQyVYZoGu8gLY7+74=
18,17,oqNVmR6X0BeyiNPnA5IwGjOxT08=,kOmfO8WfVaNU8tffVQyudzhLlLs=
18,18,oqNVmR6X0BeyiNPnA5IwGjOxT08=,3kxAwnTlgy4m1OLV/7WUvYrxcgg=
19,18,oqNVmR6X0BeyiNPnA5IwGjOxT08=,3kxAwnTlgy4m1OLV/7WUvYrxcgg=
20,18,oqNVmR6X0BeyiNPnA5IwGjOxT08=,ymUC+et/FbLAuOfKKvesRNoppVI=
18,23,oqNVmR6X0BeyiNPnA5IwGjOxT08=,MKNpIN0MTF+dUnaxyVNTUvvA27Q=
18,22,oqNVmR6X0BeyiNPnA5IwGjOxT08=,MKNpIN0MTF+dUnaxyVNTUvvA27Q=
18,21,oqNVmR6X0BeyiNPnA5IwGjOxT08=,5yBp4FEyUTCQ/fWubhEfOa7dLVI=
17,19,oqNVmR6X0BeyiNPnA5IwGjOxT08=,QHMnASJWnVS22Yilv1HLpN7dCDQ=
17,22,oqNVmR6X0BeyiNPnA5IwGjOxT08=,Lc1kBuZVILQv2xMK1GUEhtAANh4=
17,23,oqNVmR6X0BeyiNPnA5IwGjOxT08=,Lc1kBuZVILQv2xMK1GUEhtAANh4=
18,19,oqNVmR6X0BeyiNPnA5IwGjOxT08=,3kxAwnTlgy4m1OLV/7WUvYrxcgg=
17,21,oqNVmR6X0BeyiNPnA5IwGjOxT08=,/ZDckrNQHHoZXcWPWkxw5r8EXpE=
18,20,oqNVmR6X0BeyiNPnA5IwGjOxT08=,5yBp4FEyUTCQ/fWubhEfOa7dLVI=
17,20,oqNVmR6X0BeyiNPnA5IwGjOxT08=,/ZDckrNQHHoZXcWPWkxw5r8EXpE=
20,19,oqNVmR6X0BeyiNPnA5IwGjOxT08=,ymUC+et/FbLAuOfKKvesRNoppVI=
19,19,oqNVmR6X0BeyiNPnA5IwGjOxT08=,3kxAwnTlgy4m1OLV/7WUvYrxcgg=
19,20,yGxFux8tOu1S4KVeieCm0q+8PVI=,5yBp4FEyUTCQ/fWubhEfOa7dLVI=
20,20,yGxFux8tOu1S4KVeieCm0q+8PVI=,RLbuDwStXZ3X8yAmJNZg3m0T/rI=
19,22,yGxFux8tOu1S4KVeieCm0q+8PVI=,MKNpIN0MTF+dUnaxyVNTUvvA27Q=
19,21,yGxFux8tOu1S4KVeieCm0q+8PVI=,5yBp4FEyUTCQ/fWubhEfOa7dLVI=
20,21,yGxFux8tOu1S4KVeieCm0q+8PVI=,RLbuDwStXZ3X8yAmJNZg3m0T/rI=
20,22,yGxFux8tOu1S4KVeieCm0q+8PVI=,V/DCvYq7WfAeNf2fD53jlgkgX+g=
19,23,yGxFux8tOu1S4KVeieCm0q+8PVI=,MKNpIN0MTF+dUnaxyVNTUvvA27Q=
20,23,yGxFux8tOu1S4KVeieCm0q+8PVI=,V/DCvYq7WfAeNf2fD53jlgkgX+g=
20,24,yGxFux8tOu1S4KVeieCm0q+8PVI=,0lbnyhrn6QAI/ARQEUH3Sr14KEA=
20,25,yGxFux8tOu1S4KVeieCm0q+8PVI=,0lbnyhrn6QAI/ARQEUH3Sr14KEA=
20,26,yGxFux8tOu1S4KVeieCm0q+8PVI=,2y70oWBpl+mTFItaFqabTeZUH7c=
23,23,yGxFux8tOu1S4KVeieCm0q+8PVI=,NszkqFm0FEtFmA+cV3jhylgQCM8=
21,19,yGxFux8tOu1S4KVeieCm0q+8PVI=,ymUC+et/FbLAuOfKKvesRNoppVI=
21,23,DPjvrM4jqmCh7BG+akuskfn6a3c=,V/DCvYq7WfAeNf2fD53jlgkgX+g=
23,22,DPjvrM4jqmCh7BG+akuskfn6a3c=,NszkqFm0FEtFmA+cV3jhylgQCM8=
23,24,DPjvrM4jqmCh7BG+akuskfn6a3c=,+QZ0Joj/0fw3D7LVjPOGAcQxkFI=
23,21,DPjvrM4jqmCh7BG+akuskfn6a3c=,+h44kWRafihZItU0H/tQKVIrFQ8=
22,24,DPjvrM4jqmCh7BG+akuskfn6a3c=,+QZ0Joj/0fw3D7LVjPOGAcQxkFI=
22,23,DPjvrM4jqmCh7BG+akuskfn6a3c=,NszkqFm0FEtFmA+cV3jhylgQCM8=
23,19,DPjvrM4jqmCh7BG+akuskfn6a3c=,+00n9WTOMPLSDqCYzOHGAGWr7PI=
21,24,DPjvrM4jqmCh7BG+akuskfn6a3c=,0lbnyhrn6QAI/ARQEUH3Sr14KEA=
22,19,DPjvrM4jqmCh7BG+akuskfn6a3c=,+00n9WTOMPLSDqCYzOHGAGWr7PI=
21,26,DPjvrM4jqmCh7BG+akuskfn6a3c=,2y70oWBpl+mTFItaFqabTeZUH7c=
21,25,DPjvrM4jqmCh7BG+akuskfn6a3c=,0lbnyhrn6QAI/ARQEUH3Sr14KEA=
22,21,DPjvrM4jqmCh7BG+akuskfn6a3c=,+h44kWRafihZItU0H/tQKVIrFQ8=
23,27,DPjvrM4jqmCh7BG+akuskfn6a3c=,1vhh0JxzZltnKqkZwNUiD8YEcGs=
22,22,DPjvrM4jqmCh7BG+akuskfn6a3c=,NszkqFm0FEtFmA+cV3jhylgQCM8=
23,25,DPjvrM4jqmCh7BG+akuskfn6a3c=,+QZ0Joj/0fw3D7LVjPOGAcQxkFI=
23,28,DPjvrM4jqmCh7BG+akuskfn6a3c=,1vhh0JxzZltnKqkZwNUiD8YEcGs=
20,31,DPjvrM4jqmCh7BG+akuskfn6a3c=,2y70oWBpl+mTFItaFqabTeZUH7c=
21,22,DPjvrM4jqmCh7BG+akuskfn6a3c=,V/DCvYq7WfAeNf2fD53jlgkgX+g=
23,26,DPjvrM4jqmCh7BG+akuskfn6a3c=,1vhh0JxzZltnKqkZwNUiD8YEcGs=
21,21,DPjvrM4jqmCh7BG+akuskfn6a3c=,RLbuDwStXZ3X8yAmJNZg3m0T/rI=
22,25,DPjvrM4jqmCh7BG+akuskfn6a3c=,+QZ0Joj/0fw3D7LVjPOGAcQxkFI=
23,20,DPjvrM4jqmCh7BG+akuskfn6a3c=,+h44kWRafihZItU0H/tQKVIrFQ8=
21,27,DPjvrM4jqmCh7BG+akuskfn6a3c=,2y70oWBpl+mTFItaFqabTeZUH7c=
21,29,DPjvrM4jqmCh7BG+akuskfn6a3c=,1vhh0JxzZltnKqkZwNUiD8YEcGs=
20,29,DPjvrM4jqmCh7BG+akuskfn6a3c=,1vhh0JxzZltnKqkZwNUiD8YEcGs=
22,26,DPjvrM4jqmCh7BG+akuskfn6a3c=,1vhh0JxzZltnKqkZwNUiD8YEcGs=
21,20,DPjvrM4jqmCh7BG+akuskfn6a3c=,RLbuDwStXZ3X8yAmJNZg3m0T/rI=
24,21,DPjvrM4jqmCh7BG+akuskfn6a3c=,koSkzFcggsYNG23R8JSAEc3foNk=
21,28,DPjvrM4jqmCh7BG+akuskfn6a3c=,1vhh0JxzZltnKqkZwNUiD8YEcGs=
21,31,DPjvrM4jqmCh7BG+akuskfn6a3c=,2y70oWBpl+mTFItaFqabTeZUH7c=
23,29,DPjvrM4jqmCh7BG+akuskfn6a3c=,1vhh0JxzZltnKqkZwNUiD8YEcGs=
22,20,DPjvrM4jqmCh7BG+akuskfn6a3c=,+h44kWRafihZItU0H/tQKVIrFQ8=
22,28,DPjvrM4jqmCh7BG+akuskfn6a3c=,1vhh0JxzZltnKqkZwNUiD8YEcGs=
24,20,DPjvrM4jqmCh7BG+akuskfn6a3c=,koSkzFcggsYNG23R8JSAEc3foNk=
20,27,DPjvrM4jqmCh7BG+akuskfn6a3c=,2y70oWBpl+mTFItaFqabTeZUH7c=
20,28,DPjvrM4jqmCh7BG+akuskfn6a3c=,1vhh0JxzZltnKqkZwNUiD8YEcGs=
24,19,DPjvrM4jqmCh7BG+akuskfn6a3c=,koSkzFcggsYNG23R8JSAEc3foNk=
22,29,DPjvrM4jqmCh7BG+akuskfn6a3c=,1vhh0JxzZltnKqkZwNUiD8YEcGs=
23,31,DPjvrM4jqmCh7BG+akuskfn6a3c=,k87vPzJ0yXaArnkuL5piP1PiH1Y=
22,27,DPjvrM4jqmCh7BG+akuskfn6a3c=,1vhh0JxzZltnKqkZwNUiD8YEcGs=
20,30,DPjvrM4jqmCh7BG+akuskfn6a3c=,2y70oWBpl+mTFItaFqabTeZUH7c=
22,31,DPjvrM4jqmCh7BG+akuskfn6a3c=,k87vPzJ0yXaArnkuL5piP1PiH1Y=
23,30,DPjvrM4jqmCh7BG+akuskfn6a3c=,k87vPzJ0yXaArnkuL5piP1PiH1Y=
22,30,DPjvrM4jqmCh7BG+akuskfn6a3c=,k87vPzJ0yXaArnkuL5piP1PiH1Y=
21,30,DPjvrM4jqmCh7BG+akuskfn6a3c=,2y70oWBpl+mTFItaFqabTeZUH7c=
0,14,hMWDdProR4wAvlsO/y5Dofa0RFs=,N4g3POaZv1OnrX5D5G9A0UsFRbM=
0,15,hMWDdProR4wAvlsO/y5Dofa0RFs=,N4g3POaZv1OnrX5D5G9A0UsFRbM=
4,15,hMWDdProR4wAvlsO/y5Dofa0RFs=,j22AM0psFytYOZYpLRFIdyZRbBw=
0,13,hMWDdProR4wAvlsO/y5Dofa0RFs=,SqzwM/KUFiL2Dc/r1aMBC+swZbI=
3,15,hMWDdProR4wAvlsO/y5Dofa0RFs=,N4g3POaZv1OnrX5D5G9A0UsFRbM=
1,15,cMyWZTFqPt0YR2GkLmJL+89izkQ=,N4g3POaZv1OnrX5D5G9A0UsFRbM=
2,15,cMyWZTFqPt0YR2GkLmJL+89izkQ=,N4g3POaZv1OnrX5D5G9A0UsFRbM=
3,14,cMyWZTFqPt0YR2GkLmJL+89izkQ=,N4g3POaZv1OnrX5D5G9A0UsFRbM=
2,14,cMyWZTFqPt0YR2GkLmJL+89izkQ=,N4g3POaZv1OnrX5D5G9A0UsFRbM=
0,11,cMyWZTFqPt0YR2GkLmJL+89izkQ=,F+U7cMrRCRxuAv/LQ5MlDpzW4bM=
2,13,cMyWZTFqPt0YR2GkLmJL+89izkQ=,5NYMrdR2fhb+9bV7YHcSvbPmUTw=
3,13,cMyWZTFqPt0YR2GkLmJL+89izkQ=,5NYMrdR2fhb+9bV7YHcSvbPmUTw=
2,12,cMyWZTFqPt0YR2GkLmJL+89izkQ=,5NYMrdR2fhb+9bV7YHcSvbPmUTw=
0,12,cMyWZTFqPt0YR2GkLmJL+89izkQ=,SqzwM/KUFiL2Dc/r1aMBC+swZbI=
1,12,cMyWZTFqPt0YR2GkLmJL+89izkQ=,SqzwM/KUFiL2Dc/r1aMBC+swZbI=
1,14,cMyWZTFqPt0YR2GkLmJL+89izkQ=,N4g3POaZv1OnrX5D5G9A0UsFRbM=
2,11,cMyWZTFqPt0YR2GkLmJL+89izkQ=,0tQYDzVfuUP/g22hV0tJxKFyY/Q=
4,14,bBcVTB7bAtU5obFjncr+uuZHVeE=,j22AM0psFytYOZYpLRFIdyZRbBw=
1,11,bBcVTB7bAtU5obFjncr+uuZHVeE=,F+U7cMrRCRxuAv/LQ5MlDpzW4bM=
1,13,bBcVTB7bAtU5obFjncr+uuZHVeE=,SqzwM/KUFiL2Dc/r1aMBC+swZbI=
4,13,bBcVTB7bAtU5obFjncr+uuZHVeE=,j22AM0psFytYOZYpLRFIdyZRbBw=
4,12,bBcVTB7bAtU5obFjncr+uuZHVeE=,j22AM0psFytYOZYpLRFIdyZRbBw=
3,11,bBcVTB7bAtU5obFjncr+uuZHVeE=,0tQYDzVfuUP/g22hV0tJxKFyY/Q=
3,12,bBcVTB7bAtU5obFjncr+uuZHVeE=,5NYMrdR2fhb+9bV7YHcSvbPmUTw=
4,11,bBcVTB7bAtU5obFjncr+uuZHVeE=,apaXM6lOZHIrjqOovl3xkkX6lg4=
0,10,bBcVTB7bAtU5obFjncr+uuZHVeE=,F+U7cMrRCRxuAv/LQ5MlDpzW4bM=
0,9,uZxd3mWMARWsN7dL/+FWjMCbCng=,nIXWdSps7TyyviwhWQ6GGgLTbm4=
2,9,uZxd3mWMARWsN7dL/+FWjMCbCng=,nIXWdSps7TyyviwhWQ6GGgLTbm4=
1,9,uZxd3mWMARWsN7dL/+FWjMCbCng=,nIXWdSps7TyyviwhWQ6GGgLTbm4=
3,10,uZxd3mWMARWsN7dL/+FWjMCbCng=,0tQYDzVfuUP/g22hV0tJxKFyY/Q=
4,10,uZxd3mWMARWsN7dL/+FWjMCbCng=,apaXM6lOZHIrjqOovl3xkkX6lg4=
2,10,uZxd3mWMARWsN7dL/+FWjMCbCng=,0tQYDzVfuUP/g22hV0tJxKFyY/Q=
3,9,uZxd3mWMARWsN7dL/+FWjMCbCng=,nIXWdSps7TyyviwhWQ6GGgLTbm4=
1,10,uZxd3mWMARWsN7dL/+FWjMCbCng=,F+U7cMrRCRxuAv/LQ5MlDpzW4bM=
4,9,uZxd3mWMARWsN7dL/+FWjMCbCng=,4b2zEsw4nQkQF1sdh1UH0/lW4Xo=
0,7,uZxd3mWMARWsN7dL/+FWjMCbCng=,cVdXttfqqCzb88qParN5wJg2o40=
0,8,uZxd3mWMARWsN7dL/+FWjMCbCng=,nIXWdSps7TyyviwhWQ6GGgLTbm4=
1,8,uZxd3mWMARWsN7dL/+FWjMCbCng=,nIXWdSps7TyyviwhWQ6GGgLTbm4=
1,7,uZxd3mWMARWsN7dL/+FWjMCbCng=,cVdXttfqqCzb88qParN5wJg2o40=
2,7,ZBUsu9HTThM0DOvmXBMgV0hdPFw=,szLvSME1pslQyVYZoGu8gLY7+74=
2,8,ZBUsu9HTThM0DOvmXBMgV0hdPFw=,nIXWdSps7TyyviwhWQ6GGgLTbm4=
3,7,ZBUsu9HTThM0DOvmXBMgV0hdPFw=,szLvSME1pslQyVYZoGu8gLY7+74=
3,8,ZBUsu9HTThM0DOvmXBMgV0hdPFw=,nIXWdSps7TyyviwhWQ6GGgLTbm4=
4,8,ZBUsu9HTThM0DOvmXBMgV0hdPFw=,4b2zEsw4nQkQF1sdh1UH0/lW4Xo=
0,6,ZBUsu9HTThM0DOvmXBMgV0hdPFw=,cVdXttfqqCzb88qParN5wJg2o40=
0,5,ZBUsu9HTThM0DOvmXBMgV0hdPFw=,zS39GOT6CmILaaikx5KEnr4yZZE=
4,7,ZBUsu9HTThM0DOvmXBMgV0hdPFw=,zS39GOT6CmILaaikx5KEnr4yZZE=
2,5,ZBUsu9HTThM0DOvmXBMgV0hdPFw=,szLvSME1pslQyVYZoGu8gLY7+74=
1,6,ZBUsu9HTThM0DOvmXBMgV0hdPFw=,cVdXttfqqCzb88qParN5wJg2o40=
2,6,ZBUsu9HTThM0DOvmXBMgV0hdPFw=,szLvSME1pslQyVYZoGu8gLY7+74=
1,5,ZBUsu9HTThM0DOvmXBMgV0hdPFw=,zS39GOT6CmILaaikx5KEnr4yZZE=
4,6,ZBUsu9HTThM0DOvmXBMgV0hdPFw=,zS39GOT6CmILaaikx5KEnr4yZZE=
4,5,KncchnODWS5jxcgJXHh8or2oYQQ=,eYIAxQGHvUzXd7XDB4xa4gR2rPE=
3,6,KncchnODWS5jxcgJXHh8or2oYQQ=,szLvSME1pslQyVYZoGu8gLY7+74=
3,5,KncchnODWS5jxcgJXHh8or2oYQQ=,szLvSME1pslQyVYZoGu8gLY7+74=
0,3,KncchnODWS5jxcgJXHh8or2oYQQ=,oK37JclhMfBGnoA4PO7mtcxf17k=
0,1,KncchnODWS5jxcgJXHh8or2oYQQ=,XX2DzwS/jVfeQbAeUNHCuRUX8q8=
0,4,KncchnODWS5jxcgJXHh8or2oYQQ=,zS39GOT6CmILaaikx5KEnr4yZZE=
0,2,KncchnODWS5jxcgJXHh8or2oYQQ=,oK37JclhMfBGnoA4PO7mtcxf17k=
0,0,KncchnODWS5jxcgJXHh8or2oYQQ=,XX2DzwS/jVfeQbAeUNHCuRUX8q8=
2,4,WV1yod/F27X7/3AK+5YYAqcS3Yg=,szLvSME1pslQyVYZoGu8gLY7+74=
2,3,WV1yod/F27X7/3AK+5YYAqcS3Yg=,ZFUscOgPwExN3zW7MODX0xaZuA4=
1,4,WV1yod/F27X7/3AK+5YYAqcS3Yg=,zS39GOT6CmILaaikx5KEnr4yZZE=
1,3,WV1yod/F27X7/3AK+5YYAqcS3Yg=,oK37JclhMfBGnoA4PO7mtcxf17k=
1,2,WV1yod/F27X7/3AK+5YYAqcS3Yg=,oK37JclhMfBGnoA4PO7mtcxf17k=
2,2,WV1yod/F27X7/3AK+5YYAqcS3Yg=,ZFUscOgPwExN3zW7MODX0xaZuA4=
1,1,WV1yod/F27X7/3AK+5YYAqcS3Yg=,XX2DzwS/jVfeQbAeUNHCuRUX8q8=
2,0,WV1yod/F27X7/3AK+5YYAqcS3Yg=,3PpLUTmKTmPD2mSj0iporCtbh4s=
3,0,WV1yod/F27X7/3AK+5YYAqcS3Yg=,3PpLUTmKTmPD2mSj0iporCtbh4s=
2,1,WV1yod/F27X7/3AK+5YYAqcS3Yg=,3PpLUTmKTmPD2mSj0iporCtbh4s=
1,0,WV1yod/F27X7/3AK+5YYAqcS3Yg=,XX2DzwS/jVfeQbAeUNHCuRUX8q8=
4,0,WV1yod/F27X7/3AK+5YYAqcS3Yg=,2EMM+UuBe1rx5PsGsbdz1Fa9fK4=
3,3,WV1yod/F27X7/3AK+5YYAqcS3Yg=,ZFUscOgPwExN3zW7MODX0xaZuA4=
5,0,WV1yod/F27X7/3AK+5YYAqcS3Yg=,2EMM+UuBe1rx5PsGsbdz1Fa9fK4=
3,4,WV1yod/F27X7/3AK+5YYAqcS3Yg=,szLvSME1pslQyVYZoGu8gLY7+74=
6,0,WV1yod/F27X7/3AK+5YYAqcS3Yg=,IAMmefrBlETQaBNq6IQKEVslj5w=
4,3,vVOQ1zhOgXhoh92soSdWOwvpXps=,ZpsFraA2H0ACK+Y9wY7EJubzOb0=
4,4,vVOQ1zhOgXhoh92soSdWOwvpXps=,eYIAxQGHvUzXd7XDB4xa4gR2rPE=
3,2,vVOQ1zhOgXhoh92soSdWOwvpXps=,ZFUscOgPwExN3zW7MODX0xaZuA4=
4,1,vVOQ1zhOgXhoh92soSdWOwvpXps=,2EMM+UuBe1rx5PsGsbdz1Fa9fK4=
3,1,vVOQ1zhOgXhoh92soSdWOwvpXps=,3PpLUTmKTmPD2mSj0iporCtbh4s=
4,2,vVOQ1zhOgXhoh92soSdWOwvpXps=,ZpsFraA2H0ACK+Y9wY7EJubzOb0=
5,1,vVOQ1zhOgXhoh92soSdWOwvpXps=,2EMM+UuBe1rx5PsGsbdz1Fa9fK4=
8,2,vVOQ1zhOgXhoh92soSdWOwvpXps=,xi+O1qSIJVoPO3uanK0/fslJJz4=
6,1,vVOQ1zhOgXhoh92soSdWOwvpXps=,IAMmefrBlETQaBNq6IQKEVslj5w=
7,2,vVOQ1zhOgXhoh92soSdWOwvpXps=,vAbwe0zn0b1IUesqk8yhfEIOxAg=
6,2,vVOQ1zhOgXhoh92soSdWOwvpXps=,vAbwe0zn0b1IUesqk8yhfEIOxAg=
8,0,vVOQ1zhOgXhoh92soSdWOwvpXps=,xi+O1qSIJVoPO3uanK0/fslJJz4=
5,2,vVOQ1zhOgXhoh92soSdWOwvpXps=,ZpsFraA2H0ACK+Y9wY7EJubzOb0=
7,0,vVOQ1zhOgXhoh92soSdWOwvpXps=,IAMmefrBlETQaBNq6IQKEVslj5w=
7,1,xUlyNqdgigENtF4PWVT5eBp7IhQ=,IAMmefrBlETQaBNq6IQKEVslj5w=
8,1,xUlyNqdgigENtF4PWVT5eBp7IhQ=,xi+O1qSIJVoPO3uanK0/fslJJz4=
10,0,xUlyNqdgigENtF4PWVT5eBp7IhQ=,BEcEluvjE1vn9177UW/Swe9rgEA=
9,0,xUlyNqdgigENtF4PWVT5eBp7IhQ=,xi+O1qSIJVoPO3uanK0/fslJJz4=
9,1,xUlyNqdgigENtF4PWVT5eBp7IhQ=,xi+O1qSIJVoPO3uanK0/fslJJz4=
10,1,xUlyNqdgigENtF4PWVT5eBp7IhQ=,BEcEluvjE1vn9177UW/Swe9rgEA=
10,2,xUlyNqdgigENtF4PWVT5eBp7IhQ=,xi+O1qSIJVoPO3uanK0/fslJJz4=
9,2,xUlyNqdgigENtF4PWVT5eBp7IhQ=,xi+O1qSIJVoPO3uanK0/fslJJz4=
12,0,xUlyNqdgigENtF4PWVT5eBp7IhQ=,9SaVbMGFf6RhYRqWNy5D0Qk3Otc=
12,2,xUlyNqdgigENtF4PWVT5eBp7IhQ=,+MDee+OL6wcKY5oYRjC2rc8TrQo=
11,2,xUlyNqdgigENtF4PWVT5eBp7IhQ=,xi+O1qSIJVoPO3uanK0/fslJJz4=
13,3,G1wTsT9AmA6/2O57M0aPc1O42l0=,+MDee+OL6wcKY5oYRjC2rc8TrQo=
11,0,G1wTsT9AmA6/2O57M0aPc1O42l0=,BEcEluvjE1vn9177UW/Swe9rgEA=
15,3,G1wTsT9AmA6/2O57M0aPc1O42l0=,K3QQXdsC39mSyysCkucdzQEbE9w=
14,3,G1wTsT9AmA6/2O57M0aPc1O42l0=,K3QQXdsC39mSyysCkucdzQEbE9w=
13,0,G1wTsT9AmA6/2O57M0aPc1O42l0=,9SaVbMGFf6RhYRqWNy5D0Qk3Otc=
11,1,G1wTsT9AmA6/2O57M0aPc1O42l0=,BEcEluvjE1vn9177UW/Swe9rgEA=
15,15,G1wTsT9AmA6/2O57M0aPc1O42l0=,0At0Z73wqVtmyD6RoVWvxyLUZMc=
12,1,G1wTsT9AmA6/2O57M0aPc1O42l0=,9SaVbMGFf6RhYRqWNy5D0Qk3Otc=
14,1,G1wTsT9AmA6/2O57M0aPc1O42l0=,PybyOZEAX6+x2E9jodTTaoUd8ZI=
15,2,G1wTsT9AmA6/2O57M0aPc1O42l0=,K3QQXdsC39mSyysCkucdzQEbE9w=
15,6,G1wTsT9AmA6/2O57M0aPc1O42l0=,gv5a80qFZ6hvWJoRcOKRypTC58o=
15,0,G1wTsT9AmA6/2O57M0aPc1O42l0=,PybyOZEAX6+x2E9jodTTaoUd8ZI=
15,14,G1wTsT9AmA6/2O57M0aPc1O42l0=,0At0Z73wqVtmyD6RoVWvxyLUZMc=
14,0,G1wTsT9AmA6/2O57M0aPc1O42l0=,PybyOZEAX6+x2E9jodTTaoUd8ZI=
15,12,G1wTsT9AmA6/2O57M0aPc1O42l0=,w9fFfOu5d8jlC4yqpicTiY12l94=
15,11,G1wTsT9AmA6/2O57M0aPc1O42l0=,+MDee+OL6wcKY5oYRjC2rc8TrQo=
14,6,G1wTsT9AmA6/2O57M0aPc1O42l0=,gv5a80qFZ6hvWJoRcOKRypTC58o=
13,1,G1wTsT9AmA6/2O57M0aPc1O42l0=,9SaVbMGFf6RhYRqWNy5D0Qk3Otc=
13,6,G1wTsT9AmA6/2O57M0aPc1O42l0=,yOlgD7kaVvYQ9v+UF5ZFcYinFvM=
15,13,G1wTsT9AmA6/2O57M0aPc1O42l0=,w9fFfOu5d8jlC4yqpicTiY12l94=
13,2,G1wTsT9AmA6/2O57M0aPc1O42l0=,+MDee+OL6wcKY5oYRjC2rc8TrQo=
14,2,G1wTsT9AmA6/2O57M0aPc1O42l0=,K3QQXdsC39mSyysCkucdzQEbE9w=
15,1,G1wTsT9AmA6/2O57M0aPc1O42l0=,PybyOZEAX6+x2E9jodTTaoUd8ZI=
15,9,RMsuzzQGvMHu/YPB/xLeCVLNyZE=,gkO2ldJjUgt0fv1xRgqZ7evA+5E=
15,8,RMsuzzQGvMHu/YPB/xLeCVLNyZE=,gkO2ldJjUgt0fv1xRgqZ7evA+5E=
15,7,RMsuzzQGvMHu/YPB/xLeCVLNyZE=,gv5a80qFZ6hvWJoRcOKRypTC58o=
15,10,RMsuzzQGvMHu/YPB/xLeCVLNyZE=,+MDee+OL6wcKY5oYRjC2rc8TrQo=
13,8,RMsuzzQGvMHu/YPB/xLeCVLNyZE=,szLvSME1pslQyVYZoGu8gLY7+74=
13,7,RMsuzzQGvMHu/YPB/xLeCVLNyZE=,yOlgD7kaVvYQ9v+UF5ZFcYinFvM=
14,7,RMsuzzQGvMHu/YPB/xLeCVLNyZE=,gv5a80qFZ6hvWJoRcOKRypTC58o=
14,8,RMsuzzQGvMHu/YPB/xLeCVLNyZE=,gkO2ldJjUgt0fv1xRgqZ7evA+5E=
11,8,RMsuzzQGvMHu/YPB/xLeCVLNyZE=,szLvSME1pslQyVYZoGu8gLY7+74=
11,7,RMsuzzQGvMHu/YPB/xLeCVLNyZE=,cVdXttfqqCzb88qParN5wJg2o40=
11,6,RMsuzzQGvMHu/YPB/xLeCVLNyZE=,cVdXttfqqCzb88qParN5wJg2o40=
12,3,RMsuzzQGvMHu/YPB/xLeCVLNyZE=,+MDee+OL6wcKY5oYRjC2rc8TrQo=
12,8,RMsuzzQGvMHu/YPB/xLeCVLNyZE=,szLvSME1pslQyVYZoGu8gLY7+74=
11,4,RMsuzzQGvMHu/YPB/xLeCVLNyZE=,UISdzO18spU8lkf86v/B7YaWFf8=
11,3,RMsuzzQGvMHu/YPB/xLeCVLNyZE=,xi+O1qSIJVoPO3uanK0/fslJJz4=
12,7,RMsuzzQGvMHu/YPB/xLeCVLNyZE=,yOlgD7kaVvYQ9v+UF5ZFcYinFvM=
11,5,RMsuzzQGvMHu/YPB/xLeCVLNyZE=,UISdzO18spU8lkf86v/B7YaWFf8=
12,6,RMsuzzQGvMHu/YPB/xLeCVLNyZE=,yOlgD7kaVvYQ9v+UF5ZFcYinFvM=
10,8,Tsu4G7BbtxCjYtbC386lmu3zjnQ=,szLvSME1pslQyVYZoGu8gLY7+74=
9,8,Tsu4G7BbtxCjYtbC386lmu3zjnQ=,szLvSME1pslQyVYZoGu8gLY7+74=
9,7,Tsu4G7BbtxCjYtbC386lmu3zjnQ=,szLvSME1pslQyVYZoGu8gLY7+74=
10,7,Tsu4G7BbtxCjYtbC386lmu3zjnQ=,cVdXttfqqCzb88qParN5wJg2o40=
10,3,Tsu4G7BbtxCjYtbC386lmu3zjnQ=,xi+O1qSIJVoPO3uanK0/fslJJz4=
6,3,7RhheIav8KCu9DAU64w0omat4nE=,vAbwe0zn0b1IUesqk8yhfEIOxAg=
8,3,7RhheIav8KCu9DAU64w0omat4nE=,xi+O1qSIJVoPO3uanK0/fslJJz4=
10,5,7RhheIav8KCu9DAU64w0omat4nE=,UISdzO18spU8lkf86v/B7YaWFf8=
9,5,7RhheIav8KCu9DAU64w0omat4nE=,Mamd8JZf2uxdLDQxR1EqSXDhZjM=
10,6,7RhheIav8KCu9DAU64w0omat4nE=,cVdXttfqqCzb88qParN5wJg2o40=
8,6,7RhheIav8KCu9DAU64w0omat4nE=,szLvSME1pslQyVYZoGu8gLY7+74=
7,5,7RhheIav8KCu9DAU64w0omat4nE=,ePOzORmPrHgtbvibIVKAHhapjbc=
10,4,7RhheIav8KCu9DAU64w0omat4nE=,UISdzO18spU8lkf86v/B7YaWFf8=
5,3,7RhheIav8KCu9DAU64w0omat4nE=,ZpsFraA2H0ACK+Y9wY7EJubzOb0=
9,4,7RhheIav8KCu9DAU64w0omat4nE=,Mamd8JZf2uxdLDQxR1EqSXDhZjM=
5,6,7RhheIav8KCu9DAU64w0omat4nE=,zS39GOT6CmILaaikx5KEnr4yZZE=
5,4,7RhheIav8KCu9DAU64w0omat4nE=,eYIAxQGHvUzXd7XDB4xa4gR2rPE=
9,3,7RhheIav8KCu9DAU64w0omat4nE=,xi+O1qSIJVoPO3uanK0/fslJJz4=
5,5,7RhheIav8KCu9DAU64w0omat4nE=,eYIAxQGHvUzXd7XDB4xa4gR2rPE=
7,4,7RhheIav8KCu9DAU64w0omat4nE=,ePOzORmPrHgtbvibIVKAHhapjbc=
5,8,7RhheIav8KCu9DAU64w0omat4nE=,4b2zEsw4nQkQF1sdh1UH0/lW4Xo=
9,6,7RhheIav8KCu9DAU64w0omat4nE=,szLvSME1pslQyVYZoGu8gLY7+74=
6,5,7RhheIav8KCu9DAU64w0omat4nE=,ePOzORmPrHgtbvibIVKAHhapjbc=
7,3,7RhheIav8KCu9DAU64w0omat4nE=,vAbwe0zn0b1IUesqk8yhfEIOxAg=
5,7,7RhheIav8KCu9DAU64w0omat4nE=,zS39GOT6CmILaaikx5KEnr4yZZE=
7,6,7RhheIav8KCu9DAU64w0omat4nE=,zS39GOT6CmILaaikx5KEnr4yZZE=
6,4,7RhheIav8KCu9DAU64w0omat4nE=,ePOzORmPrHgtbvibIVKAHhapjbc=
8,8,7RhheIav8KCu9DAU64w0omat4nE=,szLvSME1pslQyVYZoGu8gLY7+74=
6,6,7RhheIav8KCu9DAU64w0omat4nE=,zS39GOT6CmILaaikx5KEnr4yZZE=
8,4,7RhheIav8KCu9DAU64w0omat4nE=,Mamd8JZf2uxdLDQxR1EqSXDhZjM=
7,7,7RhheIav8KCu9DAU64w0omat4nE=,zS39GOT6CmILaaikx5KEnr4yZZE=
8,5,7RhheIav8KCu9DAU64w0omat4nE=,Mamd8JZf2uxdLDQxR1EqSXDhZjM=
6,7,7RhheIav8KCu9DAU64w0omat4nE=,zS39GOT6CmILaaikx5KEnr4yZZE=
7,8,7RhheIav8KCu9DAU64w0omat4nE=,szLvSME1pslQyVYZoGu8gLY7+74=
6,8,7RhheIav8KCu9DAU64w0omat4nE=,szLvSME1pslQyVYZoGu8gLY7+74=
8,7,7RhheIav8KCu9DAU64w0omat4nE=,szLvSME1pslQyVYZoGu8gLY7+74=
6,9,fBkG9j3Vp7y9edhSsc8jAeoBAu4=,szLvSME1pslQyVYZoGu8gLY7+74=
6,10,fBkG9j3Vp7y9edhSsc8jAeoBAu4=,gCGGLJhuNLz3Zh6/qP/nz9sqc7E=
7,9,fBkG9j3Vp7y9edhSsc8jAeoBAu4=,szLvSME1pslQyVYZoGu8gLY7+74=
5,10,fBkG9j3Vp7y9edhSsc8jAeoBAu4=,apaXM6lOZHIrjqOovl3xkkX6lg4=
7,10,fBkG9j3Vp7y9edhSsc8jAeoBAu4=,gCGGLJhuNLz3Zh6/qP/nz9sqc7E=
5,9,fBkG9j3Vp7y9edhSsc8jAeoBAu4=,4b2zEsw4nQkQF1sdh1UH0/lW4Xo=
9,9,fBkG9j3Vp7y9edhSsc8jAeoBAu4=,szLvSME1pslQyVYZoGu8gLY7+74=
8,9,fBkG9j3Vp7y9edhSsc8jAeoBAu4=,szLvSME1pslQyVYZoGu8gLY7+74=
10,10,fBkG9j3Vp7y9edhSsc8jAeoBAu4=,szLvSME1pslQyVYZoGu8gLY7+74=
8,10,fBkG9j3Vp7y9edhSsc8jAeoBAu4=,5RQ2mU4iioSs40D1UkBoRsKIssw=
9,10,fBkG9j3Vp7y9edhSsc8jAeoBAu4=,5RQ2mU4iioSs40D1UkBoRsKIssw=
10,9,fBkG9j3Vp7y9edhSsc8jAeoBAu4=,szLvSME1pslQyVYZoGu8gLY7+74=
13,15,ViwUEdMcc1z2oEJYPTWv7R+/sfQ=,04U9qShN4UOgfwOd3hR2lSxduI4=
14,15,ViwUEdMcc1z2oEJYPTWv7R+/sfQ=,0At0Z73wqVtmyD6RoVWvxyLUZMc=
9,11,ViwUEdMcc1z2oEJYPTWv7R+/sfQ=,5RQ2mU4iioSs40D1UkBoRsKIssw=
10,12,ViwUEdMcc1z2oEJYPTWv7R+/sfQ=,V+hpJcP4I+6Mxic7hJcwpwLJ9Ps=
9,12,ViwUEdMcc1z2oEJYPTWv7R+/sfQ=,5RQ2mU4iioSs40D1UkBoRsKIssw=
13,14,ViwUEdMcc1z2oEJYPTWv7R+/sfQ=,04U9qShN4UOgfwOd3hR2lSxduI4=
14,14,ViwUEdMcc1z2oEJYPTWv7R+/sfQ=,0At0Z73wqVtmyD6RoVWvxyLUZMc=
13,13,ViwUEdMcc1z2oEJYPTWv7R+/sfQ=,zS39GOT6CmILaaikx5KEnr4yZZE=
10,11,ViwUEdMcc1z2oEJYPTWv7R+/sfQ=,szLvSME1pslQyVYZoGu8gLY7+74=
14,13,ViwUEdMcc1z2oEJYPTWv7R+/sfQ=,w9fFfOu5d8jlC4yqpicTiY12l94=
12,15,ViwUEdMcc1z2oEJYPTWv7R+/sfQ=,04U9qShN4UOgfwOd3hR2lSxduI4=
10,14,ViwUEdMcc1z2oEJYPTWv7R+/sfQ=,wlnRK4AbXS4Te8DBsYAsM8uWFdA=
12,14,ViwUEdMcc1z2oEJYPTWv7R+/sfQ=,04U9qShN4UOgfwOd3hR2lSxduI4=
11,13,ViwUEdMcc1z2oEJYPTWv7R+/sfQ=,V+hpJcP4I+6Mxic7hJcwpwLJ9Ps=
11,14,ViwUEdMcc1z2oEJYPTWv7R+/sfQ=,wlnRK4AbXS4Te8DBsYAsM8uWFdA=
9,14,ViwUEdMcc1z2oEJYPTWv7R+/sfQ=,EEAPR9sk66wCs5tA1Uf+XnkDHAQ=
12,13,ViwUEdMcc1z2oEJYPTWv7R+/sfQ=,zS39GOT6CmILaaikx5KEnr4yZZE=
11,15,6BKciTFaS61cydR21xkEgWIn5Ks=,wlnRK4AbXS4Te8DBsYAsM8uWFdA=
9,15,6BKciTFaS61cydR21xkEgWIn5Ks=,EEAPR9sk66wCs5tA1Uf+XnkDHAQ=
10,15,6BKciTFaS61cydR21xkEgWIn5Ks=,wlnRK4AbXS4Te8DBsYAsM8uWFdA=
8,15,6BKciTFaS61cydR21xkEgWIn5Ks=,EEAPR9sk66wCs5tA1Uf+XnkDHAQ=
9,13,6BKciTFaS61cydR21xkEgWIn5Ks=,5RQ2mU4iioSs40D1UkBoRsKIssw=
5,15,6BKciTFaS61cydR21xkEgWIn5Ks=,j22AM0psFytYOZYpLRFIdyZRbBw=
10,13,6BKciTFaS61cydR21xkEgWIn5Ks=,V+hpJcP4I+6Mxic7hJcwpwLJ9Ps=
7,15,6BKciTFaS61cydR21xkEgWIn5Ks=,OjW/IrbmrbUOhlwaSLVqMk9C9As=
8,14,6BKciTFaS61cydR21xkEgWIn5Ks=,EEAPR9sk66wCs5tA1Uf+XnkDHAQ=
6,15,6BKciTFaS61cydR21xkEgWIn5Ks=,OjW/IrbmrbUOhlwaSLVqMk9C9As=
5,12,6BKciTFaS61cydR21xkEgWIn5Ks=,j22AM0psFytYOZYpLRFIdyZRbBw=
11,10,6BKciTFaS61cydR21xkEgWIn5Ks=,szLvSME1pslQyVYZoGu8gLY7+74=
14,10,6BKciTFaS61cydR21xkEgWIn5Ks=,+MDee+OL6wcKY5oYRjC2rc8TrQo=
7,11,6BKciTFaS61cydR21xkEgWIn5Ks=,gCGGLJhuNLz3Zh6/qP/nz9sqc7E=
14,9,6BKciTFaS61cydR21xkEgWIn5Ks=,gkO2ldJjUgt0fv1xRgqZ7evA+5E=
6,14,6BKciTFaS61cydR21xkEgWIn5Ks=,OjW/IrbmrbUOhlwaSLVqMk9C9As=
13,9,6BKciTFaS61cydR21xkEgWIn5Ks=,szLvSME1pslQyVYZoGu8gLY7+74=
7,13,6BKciTFaS61cydR21xkEgWIn5Ks=,x6QKaShcFNfHCL1d4tVqcYjHJwo=
12,9,6BKciTFaS61cydR21xkEgWIn5Ks=,szLvSME1pslQyVYZoGu8gLY7+74=
5,14,6BKciTFaS61cydR21xkEgWIn5Ks=,j22AM0psFytYOZYpLRFIdyZRbBw=
14,11,6BKciTFaS61cydR21xkEgWIn5Ks=,+MDee+OL6wcKY5oYRjC2rc8TrQo=
12,11,6BKciTFaS61cydR21xkEgWIn5Ks=,zS39GOT6CmILaaikx5KEnr4yZZE=
6,13,6BKciTFaS61cydR21xkEgWIn5Ks=,x6QKaShcFNfHCL1d4tVqcYjHJwo=
5,11,6BKciTFaS61cydR21xkEgWIn5Ks=,apaXM6lOZHIrjqOovl3xkkX6lg4=
13,10,6BKciTFaS61cydR21xkEgWIn5Ks=,zS39GOT6CmILaaikx5KEnr4yZZE=
5,13,6BKciTFaS61cydR21xkEgWIn5Ks=,j22AM0psFytYOZYpLRFIdyZRbBw=
11,12,6BKciTFaS61cydR21xkEgWIn5Ks=,V+hpJcP4I+6Mxic7hJcwpwLJ9Ps=
6,12,6BKciTFaS61cydR21xkEgWIn5Ks=,x6QKaShcFNfHCL1d4tVqcYjHJwo=
11,9,6BKciTFaS61cydR21xkEgWIn5Ks=,szLvSME1pslQyVYZoGu8gLY7+74=
6,11,6BKciTFaS61cydR21xkEgWIn5Ks=,gCGGLJhuNLz3Zh6/qP/nz9sqc7E=
13,11,6BKciTFaS61cydR21xkEgWIn5Ks=,zS39GOT6CmILaaikx5KEnr4yZZE=
8,13,6BKciTFaS61cydR21xkEgWIn5Ks=,5RQ2mU4iioSs40D1UkBoRsKIssw=
14,12,6BKciTFaS61cydR21xkEgWIn5Ks=,w9fFfOu5d8jlC4yqpicTiY12l94=
13,12,6BKciTFaS61cydR21xkEgWIn5Ks=,zS39GOT6CmILaaikx5KEnr4yZZE=
8,11,6BKciTFaS61cydR21xkEgWIn5Ks=,5RQ2mU4iioSs40D1UkBoRsKIssw=
12,10,6BKciTFaS61cydR21xkEgWIn5Ks=,zS39GOT6CmILaaikx5KEnr4yZZE=
7,12,6BKciTFaS61cydR21xkEgWIn5Ks=,x6QKaShcFNfHCL1d4tVqcYjHJwo=
11,11,6BKciTFaS61cydR21xkEgWIn5Ks=,szLvSME1pslQyVYZoGu8gLY7+74=
8,12,6BKciTFaS61cydR21xkEgWIn5Ks=,5RQ2mU4iioSs40D1UkBoRsKIssw=
12,12,6BKciTFaS61cydR21xkEgWIn5Ks=,zS39GOT6CmILaaikx5KEnr4yZZE=
7,14,6BKciTFaS61cydR21xkEgWIn5Ks=,OjW/IrbmrbUOhlwaSLVqMk9C9As=
