46,-38,DSF5MQ8Beh+bJAzOnV9FcoAZA90=,8pVGC1tSGrhhu1e54mAxYP8RYR0=
47,-39,DSF5MQ8Beh+bJAzOnV9FcoAZA90=,z+WPltRi8X2I/vHgnzALnvYDuQc=
47,-38,DSF5MQ8Beh+bJAzOnV9FcoAZA90=,8pVGC1tSGrhhu1e54mAxYP8RYR0=
46,-39,DSF5MQ8Beh+bJAzOnV9FcoAZA90=,z+WPltRi8X2I/vHgnzALnvYDuQc=
47,-43,DSF5MQ8Beh+bJAzOnV9FcoAZA90=,Gy5RcPbHcf86H2b7Wx5gkic9ck8=
47,-42,DSF5MQ8Beh+bJAzOnV9FcoAZA90=,6YqrWi6zezWFyz4kf0OFuObwBqI=
46,-42,DSF5MQ8Beh+bJAzOnV9FcoAZA90=,6YqrWi6zezWFyz4kf0OFuObwBqI=
46,-41,DSF5MQ8Beh+bJAzOnV9FcoAZA90=,6YqrWi6zezWFyz4kf0OFuObwBqI=
47,-40,DSF5MQ8Beh+bJAzOnV9FcoAZA90=,z+WPltRi8X2I/vHgnzALnvYDuQc=
46,-40,DSF5MQ8Beh+bJAzOnV9FcoAZA90=,z+WPltRi8X2I/vHgnzALnvYDuQc=
47,-41,DSF5MQ8Beh+bJAzOnV9FcoAZA90=,6YqrWi6zezWFyz4kf0OFuObwBqI=
46,-43,DSF5MQ8Beh+bJAzOnV9FcoAZA90=,Gy5RcPbHcf86H2b7Wx5gkic9ck8=
46,-33,DSF5MQ8Beh+bJAzOnV9FcoAZA90=,kr+RR+1GiQZKOQvIEG/uDoNqano=
44,-35,DSF5MQ8Beh+bJAzOnV9FcoAZA90=,kr+RR+1GiQZKOQvIEG/uDoNqano=
47,-34,DSF5MQ8Beh+bJAzOnV9FcoAZA90=,kr+RR+1GiQZKOQvIEG/uDoNqano=
47,-33,DSF5MQ8Beh+bJAzOnV9FcoAZA90=,kr+RR+1GiQZKOQvIEG/uDoNqano=
44,-36,DSF5MQ8Beh+bJAzOnV9FcoAZA90=,kr+RR+1GiQZKOQvIEG/uDoNqano=
47,-35,DSF5MQ8Beh+bJAzOnV9FcoAZA90=,8pVGC1tSGrhhu1e54mAxYP8RYR0=
46,-35,DSF5MQ8Beh+bJAzOnV9FcoAZA90=,8pVGC1tSGrhhu1e54mAxYP8RYR0=
47,-36,DSF5MQ8Beh+bJAzOnV9FcoAZA90=,8pVGC1tSGrhhu1e54mAxYP8RYR0=
45,-35,DSF5MQ8Beh+bJAzOnV9FcoAZA90=,kr+RR+1GiQZKOQvIEG/uDoNqano=
46,-36,tpDAVJkl5IZytX3m36OIEcJ/MEs=,8pVGC1tSGrhhu1e54mAxYP8RYR0=
44,-48,tpDAVJkl5IZytX3m36OIEcJ/MEs=,pEK5BpWWldxNFCt/eOHgvs+0flM=
44,-45,tpDAVJkl5IZytX3m36OIEcJ/MEs=,pEK5BpWWldxNFCt/eOHgvs+0flM=
46,-34,tpDAVJkl5IZytX3m36OIEcJ/MEs=,kr+RR+1GiQZKOQvIEG/uDoNqano=
47,-37,tpDAVJkl5IZytX3m36OIEcJ/MEs=,8pVGC1tSGrhhu1e54mAxYP8RYR0=
44,-46,tpDAVJkl5IZytX3m36OIEcJ/MEs=,pEK5BpWWldxNFCt/eOHgvs+0flM=
45,-36,tpDAVJkl5IZytX3m36OIEcJ/MEs=,kr+RR+1GiQZKOQvIEG/uDoNqano=
44,-47,tpDAVJkl5IZytX3m36OIEcJ/MEs=,pEK5BpWWldxNFCt/eOHgvs+0flM=
46,-37,tpDAVJkl5IZytX3m36OIEcJ/MEs=,8pVGC1tSGrhhu1e54mAxYP8RYR0=
45,-48,tpDAVJkl5IZytX3m36OIEcJ/MEs=,pEK5BpWWldxNFCt/eOHgvs+0flM=
47,-46,tpDAVJkl5IZytX3m36OIEcJ/MEs=,pEK5BpWWldxNFCt/eOHgvs+0flM=
47,-48,tpDAVJkl5IZytX3m36OIEcJ/MEs=,FQiOnVqLFkGRS/JLBLni85BLJGs=
47,-45,tpDAVJkl5IZytX3m36OIEcJ/MEs=,pEK5BpWWldxNFCt/eOHgvs+0flM=
46,-48,tpDAVJkl5IZytX3m36OIEcJ/MEs=,FQiOnVqLFkGRS/JLBLni85BLJGs=
46,-45,tpDAVJkl5IZytX3m36OIEcJ/MEs=,pEK5BpWWldxNFCt/eOHgvs+0flM=
47,-44,tpDAVJkl5IZytX3m36OIEcJ/MEs=,Gy5RcPbHcf86H2b7Wx5gkic9ck8=
46,-47,tpDAVJkl5IZytX3m36OIEcJ/MEs=,FQiOnVqLFkGRS/JLBLni85BLJGs=
46,-44,tpDAVJkl5IZytX3m36OIEcJ/MEs=,Gy5RcPbHcf86H2b7Wx5gkic9ck8=
47,-47,tpDAVJkl5IZytX3m36OIEcJ/MEs=,FQiOnVqLFkGRS/JLBLni85BLJGs=
45,-45,tpDAVJkl5IZytX3m36OIEcJ/MEs=,pEK5BpWWldxNFCt/eOHgvs+0flM=
45,-47,tpDAVJkl5IZytX3m36OIEcJ/MEs=,pEK5BpWWldxNFCt/eOHgvs+0flM=
45,-46,tpDAVJkl5IZytX3m36OIEcJ/MEs=,pEK5BpWWldxNFCt/eOHgvs+0flM=
46,-46,tpDAVJkl5IZytX3m36OIEcJ/MEs=,pEK5BpWWldxNFCt/eOHgvs+0flM=
